jobid,total_wait,priority
0,4,2
1,1,2
2,1,2
3,4,2
4,1,2
5,9,2
6,2,2
7,6,2
8,6,2
9,5,2
10,6,2
11,5,2
12,3,2
13,2,2
14,2,2
15,2,2
16,4,2
17,3,2
18,2,2
19,3,2
20,3,2
21,7,2
22,1,2
23,1,2
24,1,2
25,2,2
26,5,2
27,10,2
28,8,2
29,3,2
30,8,2
31,4,2
32,3,2
33,3,2
34,2,2
35,1,2
36,1,2
37,3,2
38,15,2
39,2,2
40,2,2
41,5,2
42,2,2
43,1,2
44,3,2
45,2,2
46,6,2
47,2,2
48,2,2
49,5,2
50,1,2
51,4,2
52,2,2
53,3,2
54,5,2
55,4,2
56,2,2
57,1,2
58,3,2
59,2,2
60,4,2
61,5,2
62,3,2
63,1,2
64,1,2
65,4,2
66,3,2
67,5,2
68,3,2
69,4,2
70,1,2
71,4,2
72,4,2
73,8,2
74,3,2
75,4,2
76,4,2
77,3,2
78,2,1
79,6,1
80,7,1
81,1,1
82,6,1
83,2,1
84,5,1
85,2,1
86,1,1
87,6,1
88,4,1
89,3,2
90,3,2
91,1,2
92,11,2
93,3,2
94,4,2
95,1,2
96,2,2
97,4,2
98,1,2
99,1,2
100,2,2
101,2,2
102,7,2
103,3,2
104,3,2
105,2,2
106,2,2
107,5,2
108,3,2
109,5,2
110,2,2
111,8,2
112,1,2
113,5,2
114,1,2
115,7,2
116,5,2
117,6,2
118,9,1
119,1,2
120,1,2
121,4,2
122,11,2
123,2,2
124,1,2
125,1,2
126,3,2
127,3,2
128,5,2
129,7,2
130,2,2
131,8,2
132,10,2
133,3,2
134,2,2
135,17,2
136,3,2
137,5,2
138,2,2
139,5,2
140,5,2
141,2,1
142,9,1
143,6,1
144,3,1
145,5,1
146,3,2
147,2,2
148,4,2
149,1,2
150,5,2
151,3,2
152,1,2
153,2,2
154,1,2
155,4,2
156,2,2
157,4,2
158,2,2
159,2,2
160,2,2
161,1,2
162,1,2
163,4,2
164,2,2
165,7,2
166,2,2
167,4,2
168,6,2
169,6,2
170,13,2
171,1,2
172,2,2
173,4,2
174,2,2
175,1,2
176,5,2
177,4,2
178,2,2
179,3,2
180,1,2
181,1,2
182,2,2
183,1,2
184,6,1
185,6,1
186,5,1
187,1,1
188,4,1
189,4,1
190,4,1
191,3,1
192,1,1
193,5,1
194,1,1
195,8,1
196,6,2
197,2,2
198,1,2
199,1,2
200,1,2
201,1,2
202,1,2
203,3,2
204,2,2
205,17,2
206,1,2
207,3,2
208,14,2
209,1,2
210,2,2
211,4,2
212,5,2
213,3,2
214,1,2
215,3,2
216,5,2
217,1,2
218,4,2
219,4,2
220,3,2
221,2,2
222,1,2
223,1,2
224,8,2
225,8,2
226,2,2
227,2,2
228,6,2
229,3,2
230,2,2
231,5,2
232,8,2
233,1,2
234,5,2
235,1,2
236,2,2
237,5,2
238,1,2
239,4,2
240,6,2
241,5,2
242,6,2
243,4,2
244,1,2
245,8,2
246,8,2
247,2,2
248,7,2
249,8,1
250,3,1
251,3,1
252,5,1
253,14,1
254,11,1
255,3,1
256,7,1
257,4,1
258,2,1
259,7,1
260,4,1
261,2,1
262,5,1
263,6,1
264,5,1
265,4,1
266,2,1
267,2,1
268,1,1
269,1,1
270,3,2
271,7,2
272,7,2
273,2,2
274,8,2
275,3,2
276,3,2
277,1,2
278,3,1
279,8,1
280,5,1
281,6,2
282,3,2
283,2,2
284,2,2
285,2,2
286,3,2
287,2,2
288,4,1
289,1,1
290,4,1
291,3,1
292,1,1
293,2,1
294,2,1
295,7,1
296,2,1
297,4,1
298,4,1
299,3,1
300,5,1
301,1,1
302,8,1
303,3,1
304,1,1
305,1,1
306,4,1
307,9,1
308,4,1
309,3,1
310,4,1
311,3,1
312,2,1
313,1,1
314,3,1
315,2,1
316,3,1
317,1,1
318,12,1
319,7,1
320,8,1
321,1,1
322,1,1
323,7,1
324,3,1
325,1,1
326,4,2
327,2,2
328,2,2
329,1,2
330,2,2
331,4,2
332,2,2
333,2,2
334,4,2
335,5,2
336,10,2
337,11,2
338,1,2
339,2,2
340,5,2
341,1,2
342,1,2
343,8,2
344,6,2
345,6,2
346,2,2
347,5,2
348,7,2
349,6,2
350,5,2
351,1,2
352,4,2
353,2,2
354,4,2
355,4,2
356,11,2
357,3,2
358,1,2
359,4,2
360,6,2
361,2,2
362,1,2
363,6,2
364,5,2
365,6,2
366,6,2
367,10,2
368,3,2
369,1,2
370,4,2
371,3,2
372,4,1
373,2,2
374,10,2
375,6,2
376,7,2
377,2,2
378,12,2
379,6,2
380,3,2
381,1,2
382,3,2
383,2,2
384,1,2
385,3,2
386,3,2
387,3,1
388,4,1
389,6,1
390,4,1
391,2,1
392,6,1
393,4,1
394,5,1
395,23,1
396,6,1
397,2,1
398,1,1
399,2,1
400,1,1
401,12,1
402,6,1
403,4,1
404,10,1
405,13,1
406,8,1
407,4,1
408,4,1
409,4,1
410,4,1
411,14,1
412,8,2
413,2,2
414,3,2
415,2,2
416,4,1
417,1,1
418,1,1
419,5,1
420,3,2
421,5,2
422,1,2
423,2,2
424,3,2
425,8,2
426,2,2
427,12,2
428,5,2
429,13,2
430,3,2
431,4,2
432,20,2
433,5,2
434,2,2
435,2,2
436,2,2
437,3,2
438,1,2
439,4,1
440,4,1
441,11,1
442,3,1
443,2,1
444,10,1
445,3,1
446,4,2
447,8,2
448,1,2
449,2,2
450,3,2
451,1,2
452,4,2
453,1,2
454,5,2
455,4,2
456,2,2
457,2,2
458,3,2
459,3,2
460,1,2
461,6,2
462,2,2
463,1,2
464,2,2
465,4,2
466,4,2
467,5,2
468,2,2
469,7,2
470,1,2
471,2,2
472,7,2
473,2,2
474,2,2
475,1,2
476,12,2
477,3,2
478,1,2
479,4,2
480,5,2
481,6,2
482,5,2
483,4,2
484,9,2
485,2,2
486,16,2
487,9,2
488,4,2
489,3,2
490,1,2
491,3,2
492,3,2
493,1,2
494,4,2
495,1,2
496,8,2
497,6,2
498,1,2
499,12,2
500,12,2
501,2,2
502,8,2
503,3,2
504,1,2
505,1,2
506,7,2
507,3,2
508,6,2
509,1,2
510,12,2
511,1,2
512,4,2
513,1,2
514,1,2
515,6,2
516,4,2
517,1,2
518,3,2
519,2,2
520,2,2
521,3,2
522,2,2
523,3,2
524,2,2
525,1,2
526,3,2
527,4,2
528,3,2
529,4,2
530,3,2
531,2,2
532,5,2
533,2,2
534,7,2
535,3,2
536,3,2
537,2,2
538,6,2
539,1,2
540,3,2
541,3,2
542,8,2
543,5,2
544,2,2
545,2,2
546,1,2
547,8,2
548,2,2
549,2,2
550,2,2
551,1,2
552,5,2
553,3,2
554,1,2
555,3,2
556,6,2
557,9,2
558,5,2
559,2,2
560,1,2
561,2,2
562,7,2
563,2,2
564,2,2
565,7,2
566,5,2
567,10,2
568,13,2
569,5,2
570,11,2
571,12,1
572,5,1
573,4,1
574,2,1
575,3,2
576,4,2
577,4,2
578,2,2
579,8,2
580,2,2
581,4,2
582,2,2
583,4,2
584,3,2
585,3,2
586,6,2
587,5,2
588,2,2
589,5,2
590,2,2
591,4,2
592,2,2
593,1,2
594,4,2
595,4,2
596,2,2
597,3,2
598,4,2
599,5,2
600,8,2
601,3,2
602,1,2
603,3,2
604,2,2
605,1,2
606,4,2
607,15,2
608,2,2
609,2,2
610,2,2
611,2,2
612,1,2
613,11,2
614,1,2
615,1,2
616,2,2
617,3,2
618,2,2
619,4,2
620,4,2
621,3,2
622,3,2
623,4,2
624,2,2
625,3,2
626,2,2
627,2,2
628,1,2
629,2,2
630,3,2
631,1,2
632,2,2
633,3,2
634,8,2
635,7,2
636,1,2
637,4,2
638,1,2
639,3,2
640,5,2
641,2,2
642,3,2
643,2,2
644,1,2
645,3,2
646,4,2
647,1,2
648,3,2
649,3,2
650,3,2
651,2,2
652,3,2
653,4,2
654,2,2
655,2,2
656,4,2
657,4,2
658,5,2
659,6,2
660,3,2
661,15,2
662,2,2
663,4,2
664,2,2
665,1,2
666,4,2
667,2,2
668,1,2
669,3,2
670,4,2
671,1,2
672,8,2
673,1,2
674,8,2
675,7,2
676,3,2
677,2,2
678,5,2
679,6,2
680,3,2
681,2,2
682,2,2
683,2,2
684,3,1
685,1,1
686,7,2
687,3,2
688,4,2
689,2,2
690,6,2
691,3,2
692,2,2
693,3,2
694,3,2
695,2,2
696,6,2
697,1,2
698,2,2
699,10,2
700,6,2
701,3,2
702,2,2
703,1,2
704,3,2
705,2,2
706,2,2
707,3,2
708,3,2
709,4,2
710,5,2
711,5,2
712,8,2
713,3,2
714,1,2
715,3,2
716,7,2
717,2,2
718,13,2
719,3,1
720,11,1
721,6,1
722,3,1
723,10,1
724,2,1
725,8,1
726,4,1
727,1,1
728,10,1
729,5,2
730,2,2
731,2,2
732,2,2
733,8,2
734,10,2
735,3,2
736,1,2
737,7,2
738,8,2
739,2,2
740,3,2
741,1,2
742,1,2
743,5,2
744,1,2
745,4,2
746,4,2
747,3,2
748,2,2
749,4,2
750,3,2
751,1,2
752,3,2
753,2,2
754,4,2
755,1,2
756,2,2
757,1,2
758,7,2
759,11,2
760,9,2
761,4,2
762,14,2
763,3,2
764,4,2
765,13,2
766,17,2
767,4,2
768,7,2
769,4,2
770,13,2
771,3,2
772,14,2
773,17,2
774,1,2
775,2,2
776,17,2
777,2,2
778,7,2
779,6,2
780,5,2
781,4,2
782,6,2
783,5,2
784,6,2
785,3,2
786,4,2
787,4,2
788,7,2
789,2,2
790,5,2
791,2,2
792,5,2
793,2,2
794,4,2
795,1,2
796,3,2
797,7,2
798,5,2
799,4,2
800,3,2
801,2,2
802,3,2
803,4,2
804,5,2
805,2,2
806,3,2
807,1,2
808,3,2
809,3,2
810,4,2
811,12,2
812,8,2
813,2,2
814,2,2
815,2,2
816,5,2
817,3,2
818,2,2
819,5,2
820,6,2
821,10,2
822,7,2
823,6,2
824,5,2
825,3,2
826,3,2
827,4,2
828,4,2
829,2,2
830,6,2
831,8,2
832,4,2
833,5,1
834,1,1
835,3,1
836,2,2
837,7,2
838,2,2
839,7,2
840,9,2
841,5,2
842,5,2
843,1,2
844,2,2
845,3,2
846,1,2
847,5,2
848,1,2
849,3,2
850,3,2
851,4,2
852,3,2
853,1,2
854,2,2
855,2,2
856,3,2
857,2,2
858,5,2
859,2,2
860,3,2
861,1,2
862,2,2
863,5,2
864,3,2
865,5,2
866,3,2
867,3,2
868,5,2
869,1,2
870,2,2
871,3,2
872,1,2
873,2,2
874,6,1
875,6,1
876,2,1
877,4,1
878,1,1
879,2,2
880,1,2
881,2,2
882,2,2
883,3,2
884,8,2
885,10,2
886,1,2
887,7,2
888,7,2
889,3,2
890,5,2
891,5,2
892,5,2
893,7,2
894,2,2
895,12,2
896,4,2
897,1,2
898,8,2
899,3,2
900,2,2
901,2,2
902,4,2
903,1,2
904,2,2
905,1,2
906,2,2
907,2,2
908,1,2
909,1,2
910,12,2
911,4,2
912,4,2
913,4,2
914,7,2
915,3,2
916,4,2
917,1,2
918,2,2
919,8,2
920,2,2
921,1,2
922,16,2
923,10,2
924,4,2
925,3,2
926,6,2
927,8,1
928,2,1
929,2,2
930,4,2
931,1,2
932,2,2
933,7,2
934,8,2
935,1,2
936,5,2
937,7,2
938,1,2
939,2,2
940,1,2
941,5,2
942,6,2
943,2,2
944,8,2
945,10,2
946,3,2
947,2,2
948,8,2
949,5,2
950,8,2
951,1,2
952,9,2
953,5,2
954,7,2
955,3,2
956,1,2
957,1,2
958,1,2
959,2,2
960,3,2
961,2,2
962,5,2
963,2,2
964,1,2
965,2,2
966,3,2
967,3,2
968,3,2
969,3,2
970,2,2
971,4,2
972,3,2
973,1,2
974,1,2
975,1,2
976,6,2
977,2,2
978,3,2
979,3,2
980,14,2
981,6,2
982,3,2
983,6,2
984,5,2
985,3,2
986,4,2
987,5,2
988,4,2
989,3,2
990,5,2
991,7,2
992,2,2
993,5,2
994,9,2
995,1,2
996,3,2
997,6,1
998,1,1
999,3,1
1000,2,1
1001,6,1
1002,2,2
1003,2,2
1004,9,2
1005,4,2
1006,2,2
1007,2,2
1008,5,2
1009,3,2
1010,10,2
1011,6,2
1012,2,2
1013,3,2
1014,5,2
1015,3,2
1016,9,2
1017,2,2
1018,1,2
1019,4,2
1020,6,2
1021,3,2
1022,1,2
1023,2,2
1024,3,2
1025,3,2
1026,1,2
1027,3,2
1028,1,2
1029,4,2
1030,1,2
1031,3,2
1032,4,2
1033,7,2
1034,3,2
1035,4,2
1036,1,2
1037,5,2
1038,2,2
1039,4,2
1040,3,2
1041,2,2
1042,5,2
1043,1,2
1044,3,2
1045,4,2
1046,4,2
1047,6,2
1048,10,2
1049,3,2
1050,2,2
1051,3,2
1052,8,2
1053,1,2
1054,8,2
1055,4,2
1056,5,2
1057,5,2
1058,3,2
1059,6,2
1060,1,2
1061,16,2
1062,8,2
1063,3,2
1064,6,2
1065,2,2
1066,4,2
1067,4,2
1068,6,2
1069,2,2
1070,2,2
1071,2,2
1072,1,2
1073,9,2
1074,2,2
1075,3,2
1076,2,2
1077,1,2
1078,2,2
1079,1,2
1080,1,2
1081,2,2
1082,2,2
1083,6,2
1084,4,2
1085,20,2
1086,6,2
1087,2,2
1088,5,2
1089,7,1
1090,11,1
1091,2,1
1092,4,1
1093,5,1
1094,7,2
1095,5,2
1096,1,2
1097,5,2
1098,3,2
1099,3,2
1100,7,2
1101,3,2
1102,4,2
1103,2,2
1104,7,2
1105,10,2
1106,2,2
1107,2,2
1108,2,2
1109,2,2
1110,5,2
1111,3,2
1112,1,2
1113,4,2
1114,3,2
1115,7,2
1116,3,2
1117,1,2
1118,3,2
1119,3,2
1120,5,2
1121,4,2
1122,6,2
1123,2,2
1124,4,2
1125,1,2
1126,1,2
1127,7,2
1128,2,2
1129,2,2
1130,2,2
1131,3,1
1132,1,1
1133,1,1
1134,5,1
1135,2,1
1136,3,1
1137,2,1
1138,1,1
1139,9,1
1140,5,2
1141,2,2
1142,4,2
1143,4,2
1144,2,2
1145,3,2
1146,4,2
1147,7,2
1148,4,2
1149,2,2
1150,6,2
1151,2,2
1152,8,2
1153,7,2
1154,3,2
1155,2,2
1156,3,2
1157,1,2
1158,1,2
1159,8,2
1160,3,2
1161,2,2
1162,6,2
1163,4,2
1164,2,2
1165,8,2
1166,1,2
1167,1,2
1168,3,2
1169,4,2
1170,2,2
1171,2,2
1172,11,2
1173,3,2
1174,4,2
1175,6,2
1176,3,2
1177,5,2
1178,10,2
1179,3,2
1180,4,2
1181,3,2
1182,4,2
1183,2,2
1184,4,2
1185,2,2
1186,2,2
1187,5,2
1188,2,2
1189,8,2
1190,13,2
1191,3,2
1192,7,2
1193,3,2
1194,10,2
1195,2,2
1196,4,2
1197,10,2
1198,4,2
1199,3,2
1200,10,2
1201,7,2
1202,4,2
1203,4,2
1204,6,2
1205,3,2
1206,6,2
1207,13,2
1208,2,2
1209,1,2
1210,2,2
1211,3,2
1212,2,2
1213,4,2
1214,4,2
1215,4,2
1216,8,2
1217,4,2
1218,5,2
1219,3,2
1220,2,2
1221,4,2
1222,4,2
1223,6,2
1224,4,2
1225,7,2
1226,1,2
1227,4,2
1228,3,2
1229,5,2
1230,9,2
1231,6,2
1232,4,2
1233,1,2
1234,13,2
1235,5,2
1236,2,2
1237,1,2
1238,5,2
1239,4,2
1240,8,2
1241,2,2
1242,2,2
1243,1,2
1244,4,2
1245,1,2
1246,2,2
1247,1,2
1248,2,2
1249,3,2
1250,5,2
1251,2,2
1252,1,2
1253,5,2
1254,5,2
1255,2,2
1256,3,2
1257,2,2
1258,1,2
1259,6,2
1260,3,2
1261,6,2
1262,6,2
1263,3,2
1264,5,2
1265,10,2
1266,3,2
1267,10,2
1268,5,2
1269,3,2
1270,5,2
1271,5,2
1272,10,2
1273,5,2
1274,2,2
1275,3,2
1276,1,2
1277,3,2
1278,4,2
1279,3,2
1280,10,2
1281,4,2
1282,3,2
1283,3,2
1284,3,2
1285,5,2
1286,2,2
1287,3,2
1288,3,2
1289,5,2
1290,4,2
1291,3,2
1292,2,2
1293,8,2
1294,4,2
1295,8,2
1296,2,2
1297,1,2
1298,3,2
1299,1,2
1300,6,2
1301,3,2
1302,6,2
1303,3,2
1304,2,2
1305,6,2
1306,4,2
1307,3,2
1308,3,2
1309,2,2
1310,3,2
1311,3,2
1312,7,2
1313,3,2
1314,2,2
1315,3,2
1316,7,2
1317,2,2
1318,3,2
1319,7,2
1320,2,2
1321,5,2
1322,3,2
1323,2,2
1324,4,2
1325,10,2
1326,1,2
1327,2,2
1328,2,2
1329,4,2
1330,3,2
1331,4,2
1332,3,2
1333,10,2
1334,17,2
1335,2,2
1336,4,2
1337,2,2
1338,1,2
1339,2,2
1340,4,2
1341,5,2
1342,1,2
1343,1,2
1344,1,2
1345,4,2
1346,9,2
1347,3,2
1348,2,2
1349,9,2
1350,2,2
1351,5,2
1352,2,2
1353,1,2
1354,3,2
1355,3,2
1356,1,2
1357,2,2
1358,6,2
1359,2,2
1360,5,2
1361,7,2
1362,2,2
1363,3,2
1364,2,2
1365,4,2
1366,3,2
1367,2,2
1368,2,2
1369,5,2
1370,1,2
1371,1,1
1372,4,2
1373,2,2
1374,3,2
1375,2,2
1376,8,2
1377,2,2
1378,4,2
1379,3,2
1380,5,2
1381,1,2
1382,2,2
1383,14,2
1384,5,2
1385,8,2
1386,8,2
1387,3,2
1388,1,2
1389,1,2
1390,2,2
1391,3,2
1392,6,2
1393,3,2
1394,7,2
1395,9,2
1396,2,2
1397,9,2
1398,2,2
1399,6,2
1400,7,2
1401,4,2
1402,3,2
1403,15,2
1404,8,2
1405,16,2
1406,3,2
1407,6,2
1408,2,2
1409,3,2
1410,1,2
1411,2,2
1412,3,2
1413,1,2
1414,4,2
1415,2,2
1416,1,2
1417,2,2
1418,8,2
1419,1,2
1420,6,2
1421,6,2
1422,5,2
1423,5,2
1424,2,2
1425,2,2
1426,12,2
1427,4,2
1428,6,2
1429,5,2
1430,6,2
1431,2,1
1432,1,2
1433,1,2
1434,2,2
1435,4,2
1436,3,2
1437,3,2
1438,1,2
1439,3,2
1440,16,2
1441,6,2
1442,2,2
1443,7,2
1444,6,2
1445,5,2
1446,9,2
1447,5,2
1448,6,2
1449,1,2
1450,4,1
1451,3,1
1452,4,1
1453,3,1
1454,1,1
1455,2,1
1456,2,1
1457,5,2
1458,1,2
1459,4,2
1460,6,2
1461,9,2
1462,2,2
1463,1,2
1464,1,2
1465,8,2
1466,3,2
1467,4,2
1468,5,2
1469,4,2
1470,2,2
1471,2,2
1472,2,2
1473,4,2
1474,3,2
1475,7,2
1476,8,2
1477,5,2
1478,3,1
1479,1,1
1480,2,1
1481,1,1
1482,3,1
1483,3,1
1484,4,2
1485,5,2
1486,4,2
1487,1,2
1488,3,2
1489,4,2
1490,5,2
1491,4,2
1492,3,2
1493,5,2
1494,4,2
1495,2,2
1496,1,2
1497,2,2
1498,1,2
1499,2,2
1500,7,2
1501,3,2
1502,12,2
1503,4,2
1504,1,2
1505,2,2
1506,1,2
1507,3,2
1508,6,2
1509,1,2
1510,5,2
1511,2,2
1512,2,2
1513,2,2
1514,5,2
1515,4,2
1516,5,2
1517,1,2
1518,5,2
1519,1,2
1520,2,2
1521,2,2
1522,4,2
1523,3,2
1524,4,2
1525,2,2
1526,10,2
1527,10,2
1528,1,2
1529,6,2
1530,3,2
1531,9,2
1532,2,2
1533,1,2
1534,6,2
1535,15,1
1536,3,1
1537,3,1
1538,1,1
1539,5,1
1540,6,1
1541,4,1
1542,9,2
1543,9,2
1544,6,2
1545,3,2
1546,2,2
1547,7,2
1548,2,2
1549,5,2
1550,4,1
1551,5,1
1552,1,1
1553,4,1
1554,3,2
1555,3,2
1556,5,2
1557,4,2
1558,5,2
1559,2,2
1560,1,2
1561,4,2
1562,1,2
1563,2,2
1564,8,2
1565,3,2
1566,6,2
1567,1,2
1568,3,2
1569,2,2
1570,7,2
1571,1,2
1572,1,2
1573,1,2
1574,4,2
1575,2,2
1576,2,2
1577,6,2
1578,9,2
1579,3,2
1580,20,2
1581,1,2
1582,4,2
1583,2,2
1584,2,2
1585,9,2
1586,7,2
1587,1,2
1588,2,2
1589,1,2
1590,7,2
1591,10,2
1592,1,2
1593,6,2
1594,18,2
1595,9,2
1596,5,2
1597,6,2
1598,2,2
1599,2,2
1600,4,2
1601,6,2
1602,2,2
1603,2,2
1604,8,2
1605,1,2
1606,1,2
1607,5,2
1608,3,2
1609,16,2
1610,1,2
1611,2,2
1612,1,2
1613,2,2
1614,6,2
1615,5,2
1616,5,2
1617,1,2
1618,6,2
1619,2,2
1620,4,2
1621,4,2
1622,3,2
1623,3,2
1624,2,2
1625,3,2
1626,2,2
1627,1,2
1628,8,2
1629,2,2
1630,7,2
1631,1,2
1632,6,2
1633,3,2
1634,11,2
1635,1,2
1636,2,2
1637,6,2
1638,6,2
1639,3,2
1640,3,2
1641,6,2
1642,1,2
1643,1,2
1644,5,2
1645,2,2
1646,6,2
1647,9,2
1648,1,2
1649,10,2
1650,1,2
1651,2,2
1652,3,2
1653,3,2
1654,1,2
1655,1,1
1656,5,1
1657,1,1
1658,1,2
1659,5,2
1660,3,2
1661,2,2
1662,3,2
1663,1,2
1664,1,2
1665,2,2
1666,3,2
1667,5,2
1668,5,2
1669,4,2
1670,2,2
1671,3,2
1672,8,2
1673,12,2
1674,1,2
1675,4,2
1676,5,2
1677,4,2
1678,2,2
1679,2,2
1680,11,2
1681,2,2
1682,2,2
1683,2,2
1684,11,2
1685,1,2
1686,2,2
1687,3,2
1688,2,2
1689,10,2
1690,3,1
1691,3,1
1692,3,1
1693,5,1
1694,1,1
1695,2,1
1696,1,1
1697,3,1
1698,9,2
1699,5,2
1700,5,2
1701,5,2
1702,2,2
1703,8,2
1704,3,2
1705,4,2
1706,4,2
1707,5,2
1708,2,2
1709,3,2
1710,3,2
1711,4,2
1712,10,2
1713,3,2
1714,5,2
1715,1,2
1716,1,2
1717,3,2
1718,1,2
1719,11,2
1720,5,2
1721,9,2
1722,6,2
1723,2,2
1724,2,2
1725,1,2
1726,7,2
1727,2,2
1728,3,2
1729,1,2
1730,18,2
1731,2,2
1732,2,2
1733,2,2
1734,7,2
1735,9,2
1736,8,2
1737,9,2
1738,8,2
1739,7,2
1740,1,2
1741,5,2
1742,2,2
1743,12,2
1744,3,2
1745,7,2
1746,1,2
1747,3,2
1748,2,2
1749,3,2
1750,3,2
1751,2,2
1752,3,2
1753,3,2
1754,2,2
1755,5,2
1756,2,2
1757,5,2
1758,2,2
1759,2,2
1760,2,2
1761,10,2
1762,4,2
1763,1,2
1764,2,2
1765,2,2
1766,7,2
1767,2,2
1768,7,2
1769,7,2
1770,1,2
1771,2,2
1772,2,2
1773,3,2
1774,4,2
1775,2,2
1776,3,2
1777,3,2
1778,11,2
1779,7,2
1780,7,2
1781,1,2
1782,5,2
1783,4,2
1784,1,2
1785,2,2
1786,5,2
1787,1,2
1788,5,2
1789,8,2
1790,4,2
1791,3,2
1792,7,2
1793,5,2
1794,4,2
1795,2,2
1796,1,2
1797,2,2
1798,7,2
1799,1,2
1800,1,2
1801,1,2
1802,2,2
1803,10,2
1804,5,2
1805,4,2
1806,5,2
1807,1,2
1808,2,2
1809,10,2
1810,6,2
1811,2,2
1812,4,2
1813,15,2
1814,3,2
1815,4,2
1816,4,2
1817,1,2
1818,1,2
1819,3,2
1820,1,2
1821,5,2
1822,2,2
1823,2,2
1824,2,2
1825,7,2
1826,5,2
1827,3,2
1828,1,2
1829,7,2
1830,5,2
1831,15,2
1832,12,2
1833,5,2
1834,15,2
1835,2,2
1836,5,2
1837,1,2
1838,4,2
1839,5,1
1840,2,1
1841,3,1
1842,5,2
1843,11,2
1844,6,2
1845,1,2
1846,4,2
1847,8,2
1848,4,2
1849,2,2
1850,3,2
1851,2,2
1852,1,2
1853,2,2
1854,2,2
1855,11,2
1856,6,2
1857,5,2
1858,6,2
1859,12,2
1860,2,2
1861,5,2
1862,10,2
1863,5,2
1864,1,2
1865,5,2
1866,3,2
1867,6,2
1868,5,2
1869,2,2
1870,6,2
1871,3,2
1872,3,2
1873,3,2
1874,2,2
1875,2,2
1876,6,2
1877,5,2
1878,4,2
1879,5,2
1880,1,2
1881,6,2
1882,7,2
1883,1,2
1884,2,2
1885,8,2
1886,1,2
1887,12,2
1888,3,2
1889,8,2
1890,3,2
1891,1,2
1892,1,2
1893,3,2
1894,1,2
1895,2,2
1896,2,2
1897,1,2
1898,3,2
1899,10,2
1900,8,2
1901,2,2
1902,7,2
1903,4,2
1904,3,2
1905,2,2
1906,4,2
1907,7,2
1908,7,2
1909,1,2
1910,5,2
1911,8,2
1912,1,2
1913,14,2
1914,1,2
1915,17,2
1916,6,2
1917,4,2
1918,6,2
1919,1,2
1920,8,2
1921,1,2
1922,3,2
1923,9,2
1924,6,2
1925,2,2
1926,4,2
1927,4,2
1928,4,2
1929,1,2
1930,2,2
1931,3,2
1932,13,2
1933,8,2
1934,2,2
1935,5,2
1936,7,2
1937,3,2
1938,4,2
1939,5,2
1940,1,2
1941,4,2
1942,4,2
1943,10,2
1944,3,2
1945,2,2
1946,7,2
1947,8,2
1948,2,2
1949,3,2
1950,3,2
1951,5,2
1952,10,2
1953,2,2
1954,3,2
1955,6,2
1956,5,2
1957,16,2
1958,4,2
1959,7,2
1960,4,2
1961,12,2
1962,3,2
1963,3,2
1964,5,2
1965,4,2
1966,6,2
1967,6,2
1968,3,2
1969,10,2
1970,3,2
1971,3,2
1972,5,2
1973,3,2
1974,3,2
1975,12,2
1976,3,2
1977,6,2
1978,6,2
1979,2,2
1980,3,2
1981,2,2
1982,4,2
1983,7,2
1984,4,2
1985,6,2
1986,3,2
1987,5,2
1988,2,2
1989,1,2
1990,12,2
1991,2,2
1992,2,2
1993,5,2
1994,2,2
1995,3,2
1996,3,2
1997,2,2
1998,9,2
1999,6,2
2000,4,2
2001,2,2
2002,5,2
2003,7,2
2004,4,2
2005,3,2
2006,11,2
2007,2,2
2008,3,2
2009,4,2
2010,1,2
2011,3,2
2012,11,1
2013,3,1
2014,2,2
2015,5,2
2016,3,2
2017,2,2
2018,21,2
2019,1,2
2020,2,2
2021,2,2
2022,7,2
2023,2,2
2024,2,2
2025,1,2
2026,2,2
2027,1,2
2028,2,2
2029,4,2
2030,8,2
2031,2,2
2032,4,2
2033,1,2
2034,4,2
2035,7,2
2036,2,2
2037,4,2
2038,2,1
2039,5,1
2040,7,1
2041,2,1
2042,2,1
2043,4,1
2044,8,1
2045,1,2
2046,3,2
2047,3,2
2048,3,2
2049,6,2
2050,2,2
2051,6,2
2052,6,2
2053,4,2
2054,7,2
2055,2,2
2056,10,2
2057,2,2
2058,6,2
2059,1,2
2060,2,2
2061,4,2
2062,6,2
2063,5,2
2064,11,2
2065,8,2
2066,2,2
2067,6,2
2068,4,2
2069,1,2
2070,1,2
2071,7,2
2072,3,2
2073,10,2
2074,1,2
2075,4,2
2076,4,1
2077,3,1
2078,1,1
2079,1,1
2080,2,1
2081,4,1
2082,4,1
2083,2,1
2084,8,1
2085,5,1
2086,3,1
2087,10,1
2088,4,1
2089,4,1
2090,2,1
2091,3,1
2092,6,1
2093,6,1
2094,4,1
2095,5,1
2096,4,1
2097,5,1
2098,2,1
2099,5,1
2100,4,2
2101,7,2
2102,1,2
2103,4,2
2104,3,2
2105,3,2
2106,14,2
2107,2,2
2108,4,2
2109,3,2
2110,16,2
2111,2,2
2112,8,2
2113,1,2
2114,6,2
2115,1,2
2116,3,2
2117,4,2
2118,8,2
2119,2,2
2120,3,2
2121,2,2
2122,1,2
2123,4,2
2124,4,2
2125,3,2
2126,5,2
2127,8,2
2128,4,2
2129,3,2
2130,4,2
2131,8,2
2132,3,2
2133,2,1
2134,4,1
2135,4,2
2136,2,2
2137,2,2
2138,4,2
2139,1,2
2140,1,2
2141,1,2
2142,6,2
2143,3,2
2144,3,2
2145,4,2
2146,2,2
2147,4,2
2148,3,2
2149,6,2
2150,2,2
2151,6,2
2152,2,2
2153,8,2
2154,2,2
2155,8,2
2156,4,2
2157,6,2
2158,1,2
2159,3,2
2160,4,2
2161,6,2
2162,2,2
2163,2,2
2164,4,2
2165,2,2
2166,4,2
2167,2,1
2168,3,1
2169,1,1
2170,4,1
2171,4,1
2172,1,1
2173,1,1
2174,5,2
2175,2,2
2176,4,2
2177,4,2
2178,4,2
2179,1,2
2180,2,2
2181,2,2
2182,3,2
2183,11,2
2184,4,2
2185,1,2
2186,4,2
2187,2,1
2188,8,1
2189,3,1
2190,1,1
2191,1,1
2192,5,2
2193,2,2
2194,3,2
2195,5,2
2196,2,2
2197,2,2
2198,7,2
2199,5,2
2200,4,2
2201,2,2
2202,5,2
2203,2,2
2204,2,2
2205,5,2
2206,3,2
2207,6,2
2208,5,2
2209,8,2
2210,2,2
2211,5,2
2212,5,2
2213,1,2
2214,2,2
2215,1,2
2216,4,2
2217,4,2
2218,11,2
2219,8,2
2220,5,2
2221,5,2
2222,1,2
2223,6,2
2224,1,2
2225,2,2
2226,3,2
2227,4,2
2228,3,2
2229,6,2
2230,2,2
2231,10,2
2232,4,2
2233,2,2
2234,4,2
2235,11,2
2236,2,2
2237,11,2
2238,1,2
2239,1,2
2240,4,2
2241,13,2
2242,3,2
2243,4,2
2244,4,2
2245,5,2
2246,17,2
2247,1,2
2248,9,2
2249,2,2
2250,4,2
2251,4,2
2252,3,2
2253,3,2
2254,3,2
2255,2,2
2256,7,2
2257,2,2
2258,2,2
2259,4,2
2260,1,2
2261,5,2
2262,1,2
2263,3,2
2264,2,2
2265,3,2
2266,3,2
2267,2,2
2268,6,2
2269,5,2
2270,2,2
2271,7,2
2272,5,2
2273,10,2
2274,1,2
2275,6,2
2276,3,2
2277,1,2
2278,5,2
2279,1,2
2280,3,2
2281,1,1
2282,4,2
2283,2,2
2284,6,2
2285,4,2
2286,11,2
2287,2,2
2288,5,2
2289,1,2
2290,5,2
2291,2,2
2292,2,2
2293,3,2
2294,6,2
2295,2,2
2296,3,2
2297,2,2
2298,2,2
2299,7,2
2300,5,2
2301,11,2
2302,8,2
2303,1,2
2304,2,2
2305,5,2
2306,3,2
2307,2,2
2308,2,2
2309,1,2
2310,2,2
2311,1,2
2312,3,2
2313,5,2
2314,5,2
2315,1,2
2316,6,2
2317,1,2
2318,3,2
2319,3,2
2320,12,2
2321,2,2
2322,3,2
2323,9,2
2324,3,2
2325,4,2
2326,2,2
2327,8,2
2328,1,2
2329,6,2
2330,1,2
2331,1,2
2332,4,2
2333,7,2
2334,2,2
2335,5,2
2336,1,2
2337,8,2
2338,1,2
2339,1,2
2340,4,2
2341,1,2
2342,5,2
2343,3,2
2344,7,2
2345,2,2
2346,2,2
2347,4,2
2348,4,2
2349,1,2
2350,3,2
2351,4,2
2352,2,2
2353,3,2
2354,4,2
2355,8,2
2356,3,2
2357,1,2
2358,5,2
2359,3,2
2360,6,2
2361,4,2
2362,2,2
2363,11,2
2364,3,2
2365,2,2
2366,10,2
2367,4,2
2368,2,2
2369,2,2
2370,3,2
2371,1,2
2372,9,2
2373,2,2
2374,1,2
2375,1,2
2376,12,2
2377,2,2
2378,4,2
2379,8,2
2380,6,2
2381,2,2
2382,7,2
2383,2,2
2384,11,2
2385,2,2
2386,3,2
2387,2,2
2388,8,2
2389,1,2
2390,1,2
2391,3,2
2392,5,2
2393,1,2
2394,1,2
2395,1,2
2396,1,2
2397,4,2
2398,2,2
2399,2,2
2400,8,2
2401,1,2
2402,5,2
2403,7,2
2404,2,2
2405,2,2
2406,9,2
2407,4,2
2408,5,2
2409,1,2
2410,1,2
2411,1,2
2412,6,2
2413,2,2
2414,9,2
2415,2,2
2416,2,2
2417,5,2
2418,2,2
2419,4,2
2420,5,2
2421,4,2
2422,3,2
2423,8,2
2424,3,2
2425,3,2
2426,8,2
2427,1,2
2428,1,2
2429,6,2
2430,5,2
2431,3,2
2432,8,2
2433,2,2
2434,1,2
2435,9,2
2436,1,2
2437,5,2
2438,2,2
2439,7,2
2440,3,2
2441,5,2
2442,6,2
2443,9,2
2444,5,2
2445,3,2
2446,4,2
2447,1,2
2448,3,2
2449,3,2
2450,2,2
2451,3,2
2452,2,2
2453,14,2
2454,1,2
2455,10,2
2456,10,2
2457,2,2
2458,5,2
2459,4,2
2460,6,2
2461,3,2
2462,9,2
2463,2,2
2464,5,2
2465,2,2
2466,2,2
2467,4,2
2468,3,2
2469,1,2
2470,2,2
2471,3,2
2472,1,2
2473,2,2
2474,6,2
2475,2,2
2476,2,2
2477,23,2
2478,5,2
2479,5,2
2480,1,2
2481,3,2
2482,2,2
2483,2,2
2484,4,2
2485,3,2
2486,2,2
2487,5,2
2488,1,2
2489,5,2
2490,9,2
2491,2,2
2492,2,2
2493,7,1
2494,1,1
2495,4,1
2496,1,1
2497,2,1
2498,5,1
2499,2,1
2500,3,1
2501,7,1
2502,3,1
2503,3,1
2504,8,1
2505,6,2
2506,7,2
2507,1,2
2508,2,2
2509,2,2
2510,7,2
2511,2,2
2512,1,2
2513,2,2
2514,5,2
2515,3,2
2516,1,2
2517,8,2
2518,1,2
2519,8,2
2520,1,2
2521,2,2
2522,1,2
2523,13,2
2524,5,2
2525,1,2
2526,2,2
2527,6,2
2528,3,2
2529,1,2
2530,5,2
2531,4,2
2532,4,2
2533,9,2
2534,2,2
2535,7,2
2536,7,2
2537,9,2
2538,2,2
2539,3,2
2540,2,2
2541,1,2
2542,2,2
2543,13,2
2544,4,2
2545,6,2
2546,1,2
2547,2,2
2548,3,2
2549,2,2
2550,2,2
2551,2,2
2552,2,2
2553,7,1
2554,3,1
2555,5,1
2556,9,1
2557,1,1
2558,2,1
2559,3,1
2560,5,1
2561,2,1
2562,4,1
2563,16,1
2564,2,1
2565,4,2
2566,3,2
2567,3,2
2568,8,2
2569,2,2
2570,4,2
2571,3,1
2572,4,1
2573,10,1
2574,4,1
2575,12,1
2576,1,1
2577,4,1
2578,2,2
2579,1,2
2580,3,2
2581,1,2
2582,9,2
2583,9,2
2584,1,2
2585,9,2
2586,3,2
2587,5,2
2588,1,2
2589,6,2
2590,1,2
2591,6,2
2592,9,2
2593,2,2
2594,7,2
2595,4,2
2596,1,2
2597,6,2
2598,2,2
2599,2,2
2600,7,2
2601,2,2
2602,8,2
2603,8,2
2604,2,2
2605,3,2
2606,2,2
2607,3,2
2608,2,2
2609,2,2
2610,8,2
2611,4,2
2612,2,2
2613,2,2
2614,5,2
2615,11,2
2616,1,2
2617,1,2
2618,2,2
2619,4,2
2620,3,2
2621,6,2
2622,9,2
2623,2,2
2624,3,2
2625,15,2
2626,3,2
2627,3,2
2628,4,2
2629,2,2
2630,4,2
2631,3,2
2632,1,2
2633,2,2
2634,8,2
2635,5,2
2636,8,2
2637,5,2
2638,4,2
2639,1,2
2640,7,2
2641,2,2
2642,3,2
2643,2,2
2644,9,2
2645,3,2
2646,2,2
2647,2,2
2648,2,2
2649,3,2
2650,2,2
2651,2,2
2652,2,2
2653,1,2
2654,3,2
2655,1,2
2656,2,2
2657,4,2
2658,3,2
2659,4,2
2660,5,2
2661,1,2
2662,2,2
2663,2,2
2664,6,2
2665,5,2
2666,6,2
2667,2,2
2668,1,2
2669,5,2
2670,4,2
2671,9,2
2672,1,2
2673,7,2
2674,8,2
2675,2,2
2676,2,2
2677,1,2
2678,2,2
2679,2,2
2680,7,2
2681,2,2
2682,1,2
2683,4,2
2684,2,2
2685,3,2
2686,6,2
2687,8,2
2688,1,2
2689,3,2
2690,3,2
2691,4,2
2692,9,2
2693,2,2
2694,2,2
2695,1,2
2696,7,2
2697,7,2
2698,2,2
2699,1,2
2700,5,2
2701,6,2
2702,2,2
2703,7,2
2704,3,2
2705,3,2
2706,22,2
2707,4,2
2708,3,2
2709,4,2
2710,1,2
2711,1,2
2712,1,2
2713,6,2
2714,1,2
2715,1,2
2716,5,2
2717,5,2
2718,4,2
2719,8,2
2720,4,2
2721,3,2
2722,2,2
2723,7,2
2724,16,2
2725,2,2
2726,7,2
2727,5,2
2728,1,2
2729,1,2
2730,7,2
2731,2,2
2732,8,2
2733,5,2
2734,1,2
2735,4,2
2736,25,2
2737,2,2
2738,2,2
2739,2,2
2740,1,2
2741,4,2
2742,6,2
2743,1,2
2744,16,2
2745,13,1
2746,5,1
2747,3,1
2748,8,2
2749,3,2
2750,6,2
2751,10,2
2752,1,2
2753,10,2
2754,1,1
2755,3,1
2756,1,1
2757,4,1
2758,4,1
2759,2,1
2760,3,1
2761,3,1
2762,3,1
2763,2,1
2764,4,1
2765,2,1
2766,3,1
2767,2,1
2768,3,1
2769,1,2
2770,1,2
2771,3,2
2772,10,2
2773,3,2
2774,3,2
2775,8,2
2776,2,2
2777,2,2
2778,2,2
2779,3,2
2780,10,2
2781,4,2
2782,7,2
2783,2,2
2784,3,2
2785,3,2
2786,2,2
2787,6,2
2788,2,2
2789,5,2
2790,2,2
2791,7,2
2792,2,2
2793,2,2
2794,2,2
2795,2,2
2796,7,2
2797,3,2
2798,11,2
2799,4,2
2800,5,1
2801,6,2
2802,2,2
2803,1,2
2804,3,2
2805,2,2
2806,2,2
2807,3,2
2808,2,2
2809,3,2
2810,8,2
2811,1,2
2812,5,2
2813,7,2
2814,4,2
2815,1,2
2816,4,2
2817,1,2
2818,7,2
2819,2,2
2820,2,1
2821,2,2
2822,2,2
2823,1,2
2824,11,2
2825,3,2
2826,1,2
2827,3,2
2828,3,2
2829,4,2
2830,11,2
2831,1,2
2832,2,2
2833,2,2
2834,3,2
2835,3,2
2836,5,2
2837,4,2
2838,1,2
2839,3,2
2840,7,2
2841,6,2
2842,17,2
2843,2,2
2844,10,2
2845,7,2
2846,6,2
2847,9,2
2848,6,2
2849,2,2
2850,5,2
2851,9,2
2852,8,1
2853,1,1
2854,4,1
2855,1,1
2856,1,1
2857,3,1
2858,5,1
2859,7,1
2860,7,1
2861,2,1
2862,2,2
2863,4,2
2864,1,2
2865,1,1
2866,2,1
2867,2,1
2868,9,1
2869,3,1
2870,7,1
2871,2,2
2872,1,2
2873,3,2
2874,9,2
2875,3,2
2876,2,2
2877,9,2
2878,1,2
2879,2,2
2880,1,2
2881,4,2
2882,4,2
2883,15,2
2884,6,2
2885,3,2
2886,3,2
2887,3,2
2888,2,2
2889,6,2
2890,10,2
2891,3,2
2892,2,2
2893,9,2
2894,3,2
2895,1,2
2896,6,2
2897,5,2
2898,4,2
2899,2,2
2900,2,2
2901,7,2
2902,10,2
2903,9,2
2904,3,2
2905,6,2
2906,2,2
2907,2,2
2908,6,2
2909,2,2
2910,2,2
2911,7,2
2912,3,2
2913,2,2
2914,1,2
2915,2,2
2916,8,2
2917,6,2
2918,3,2
2919,1,2
2920,2,2
2921,6,2
2922,4,2
2923,2,2
2924,19,2
2925,2,2
2926,2,2
2927,2,2
2928,4,2
2929,3,2
2930,2,2
2931,4,2
2932,9,2
2933,5,2
2934,3,2
2935,3,2
2936,5,2
2937,10,2
2938,4,2
2939,1,1
2940,3,1
2941,3,1
2942,3,1
2943,2,1
2944,4,1
2945,4,1
2946,6,1
2947,1,1
2948,5,1
2949,1,1
2950,2,2
2951,2,2
2952,2,2
2953,2,2
2954,6,2
2955,1,2
2956,2,2
2957,9,2
2958,1,2
2959,1,2
2960,3,2
2961,1,2
2962,8,2
2963,4,2
2964,13,2
2965,2,1
2966,2,1
2967,6,2
2968,2,2
2969,2,2
2970,4,2
2971,5,2
2972,3,2
2973,1,2
2974,2,2
2975,3,2
2976,2,2
2977,3,2
2978,3,2
2979,9,2
2980,2,2
2981,13,2
2982,1,2
2983,3,2
2984,5,2
2985,2,2
2986,4,2
2987,8,2
2988,1,2
2989,3,2
2990,1,2
2991,6,2
2992,7,2
2993,7,2
2994,6,2
2995,10,2
2996,4,2
2997,1,1
2998,5,1
2999,2,1
3000,1,1
3001,4,1
3002,6,1
3003,10,1
3004,3,2
3005,10,2
3006,3,2
3007,3,2
3008,5,2
3009,8,2
3010,17,2
3011,11,2
3012,3,2
3013,4,2
3014,3,2
3015,7,2
3016,3,2
3017,6,2
3018,3,2
3019,1,2
3020,7,2
3021,4,2
3022,9,2
3023,3,2
3024,3,2
3025,2,2
3026,4,2
3027,1,2
3028,8,2
3029,7,2
3030,3,2
3031,2,2
3032,2,2
3033,5,2
3034,2,2
3035,1,2
3036,6,2
3037,3,2
3038,2,2
3039,17,2
3040,3,2
3041,1,2
3042,3,2
3043,6,2
3044,2,2
3045,6,2
3046,4,2
3047,5,2
3048,1,2
3049,6,2
3050,1,2
3051,1,2
3052,1,2
3053,4,2
3054,3,2
3055,1,2
3056,2,2
3057,7,2
3058,2,2
3059,6,2
3060,11,2
3061,3,2
3062,2,2
3063,5,2
3064,4,2
3065,8,2
3066,16,2
3067,4,2
3068,5,2
3069,3,2
3070,2,2
3071,4,2
3072,1,2
3073,1,2
3074,6,2
3075,2,2
3076,3,2
3077,4,2
3078,10,2
3079,2,2
3080,6,2
3081,5,2
3082,4,2
3083,2,2
3084,5,2
3085,1,2
3086,3,2
3087,5,2
3088,1,2
3089,4,1
3090,3,1
3091,3,1
3092,3,1
3093,3,1
3094,1,1
3095,3,1
3096,3,1
3097,5,1
3098,2,1
3099,2,1
3100,2,1
3101,2,1
3102,4,1
3103,4,1
3104,2,1
3105,7,1
3106,4,1
3107,8,1
3108,7,1
3109,11,2
3110,1,2
3111,3,2
3112,3,2
3113,4,2
3114,2,2
3115,2,2
3116,3,2
3117,2,2
3118,2,2
3119,3,2
3120,7,2
3121,5,2
3122,1,2
3123,4,2
3124,3,2
3125,3,2
3126,3,2
3127,8,2
3128,9,2
3129,3,2
3130,3,2
3131,4,2
3132,9,2
3133,2,2
3134,5,2
3135,9,2
3136,4,2
3137,12,2
3138,2,2
3139,4,2
3140,2,2
3141,1,2
3142,3,2
3143,5,2
3144,3,2
3145,2,2
3146,1,2
3147,3,2
3148,2,2
3149,5,2
3150,3,2
3151,7,2
3152,3,2
3153,4,2
3154,3,2
3155,1,2
3156,1,2
3157,2,2
3158,14,2
3159,8,2
3160,12,2
3161,2,2
3162,1,2
3163,4,2
3164,9,2
3165,3,2
3166,10,2
3167,13,2
3168,1,2
3169,2,2
3170,4,2
3171,6,2
3172,2,2
3173,2,2
3174,6,2
3175,7,2
3176,2,2
3177,4,2
3178,2,2
3179,8,2
3180,3,2
3181,3,2
3182,4,2
3183,5,2
3184,3,2
3185,3,2
3186,5,2
3187,5,2
3188,4,2
3189,6,2
3190,9,2
3191,5,2
3192,3,2
3193,5,2
3194,4,2
3195,3,2
3196,4,2
3197,7,2
3198,1,2
3199,1,2
3200,2,2
3201,2,2
3202,3,2
3203,1,2
3204,4,2
3205,7,2
3206,6,2
3207,9,2
3208,4,2
3209,2,2
3210,2,2
3211,3,2
3212,2,2
3213,4,2
3214,3,2
3215,10,2
3216,5,2
3217,1,2
3218,1,2
3219,2,2
3220,3,2
3221,1,2
3222,1,2
3223,4,2
3224,7,2
3225,4,2
3226,3,2
3227,1,2
3228,11,2
3229,2,2
3230,11,2
3231,2,2
3232,4,2
3233,6,2
3234,1,2
3235,2,2
3236,4,2
3237,2,2
3238,4,2
3239,2,2
3240,2,2
3241,5,2
3242,2,2
3243,7,2
3244,1,2
3245,1,2
3246,9,2
3247,1,2
3248,3,2
3249,6,2
3250,6,2
3251,7,2
3252,3,2
3253,7,2
3254,13,2
3255,2,1
3256,1,1
3257,2,1
3258,5,1
3259,6,1
3260,3,1
3261,9,1
3262,3,1
3263,7,1
3264,30,1
3265,19,1
3266,9,1
3267,7,1
3268,1,1
3269,2,1
3270,4,1
3271,15,1
3272,1,2
3273,3,2
3274,4,2
3275,5,2
3276,2,2
3277,7,2
3278,4,2
3279,16,2
3280,2,2
3281,4,2
3282,2,2
3283,9,2
3284,4,2
3285,2,2
3286,16,2
3287,11,2
3288,7,2
3289,2,2
3290,2,2
3291,3,2
3292,1,2
3293,8,2
3294,2,1
3295,5,1
3296,2,2
3297,3,2
3298,2,2
3299,2,2
3300,1,2
3301,3,2
3302,3,2
3303,3,2
3304,6,2
3305,3,2
3306,3,2
3307,2,2
3308,11,2
3309,9,2
3310,3,2
3311,12,2
3312,5,2
3313,3,2
3314,10,2
3315,3,2
3316,1,2
3317,6,2
3318,4,2
3319,13,2
3320,2,2
3321,2,2
3322,4,2
3323,9,2
3324,2,2
3325,1,2
3326,2,2
3327,6,2
3328,2,2
3329,4,2
3330,2,2
3331,5,2
3332,5,2
3333,1,2
3334,9,2
3335,1,2
3336,2,2
3337,5,2
3338,7,2
3339,2,2
3340,8,2
3341,2,2
3342,1,2
3343,6,2
3344,7,2
3345,4,2
3346,10,2
3347,3,2
3348,5,2
3349,3,2
3350,8,2
3351,2,2
3352,1,2
3353,1,2
3354,3,2
3355,5,2
3356,2,2
3357,5,2
3358,2,2
3359,4,2
3360,3,2
3361,4,2
3362,1,2
3363,7,2
3364,4,2
3365,3,2
3366,1,2
3367,2,2
3368,1,2
3369,3,2
3370,3,2
3371,8,2
3372,2,2
3373,1,2
3374,10,2
3375,2,2
3376,4,2
3377,3,2
3378,4,2
3379,2,2
3380,13,2
3381,3,2
3382,3,2
3383,5,2
3384,8,2
3385,3,2
3386,3,2
3387,5,2
3388,5,2
3389,1,2
3390,1,2
3391,5,2
3392,6,2
3393,4,2
3394,2,2
3395,2,2
3396,4,2
3397,2,2
3398,9,2
3399,15,2
3400,8,2
3401,4,2
3402,6,2
3403,1,2
3404,6,2
3405,6,2
3406,3,2
3407,5,2
3408,9,2
3409,3,2
3410,5,2
3411,5,2
3412,4,2
3413,2,2
3414,4,2
3415,1,2
3416,3,2
3417,11,2
3418,1,2
3419,10,2
3420,8,2
3421,7,2
3422,2,2
3423,3,2
3424,7,2
3425,2,2
3426,2,2
3427,2,2
3428,2,2
3429,4,2
3430,2,2
3431,4,2
3432,1,2
3433,3,2
3434,4,2
3435,3,2
3436,4,2
3437,2,2
3438,3,2
3439,8,2
3440,6,2
3441,12,2
3442,5,2
3443,11,2
3444,2,2
3445,1,2
3446,3,2
3447,2,2
3448,2,2
3449,7,2
3450,2,2
3451,6,2
3452,7,2
3453,5,2
3454,2,2
3455,3,2
3456,3,2
3457,4,2
3458,14,2
3459,1,2
3460,5,2
3461,4,2
3462,2,2
3463,1,2
3464,9,2
3465,5,2
3466,2,2
3467,1,2
3468,2,2
3469,2,2
3470,5,2
3471,3,2
3472,2,2
3473,3,2
3474,1,2
3475,1,2
3476,2,2
3477,3,2
3478,5,2
3479,5,2
3480,9,2
3481,3,2
3482,2,2
3483,2,2
3484,3,2
3485,7,2
3486,2,2
3487,2,2
3488,4,2
3489,4,2
3490,1,2
3491,1,2
3492,7,2
3493,3,2
3494,3,2
3495,3,2
3496,2,2
3497,3,2
3498,2,2
3499,1,2
3500,7,2
3501,3,2
3502,3,1
3503,7,1
3504,2,1
3505,2,2
3506,10,2
3507,6,2
3508,7,2
3509,1,2
3510,5,2
3511,2,1
3512,2,1
3513,2,1
3514,3,2
3515,2,2
3516,8,2
3517,1,2
3518,2,2
3519,1,2
3520,1,2
3521,8,2
3522,11,2
3523,2,2
3524,2,2
3525,3,2
3526,3,2
3527,5,2
3528,5,2
3529,2,2
3530,1,2
3531,1,2
3532,7,2
3533,2,2
3534,2,2
3535,8,2
3536,4,2
3537,5,2
3538,2,2
3539,7,2
3540,6,2
3541,3,2
3542,5,2
3543,8,2
3544,3,2
3545,5,2
3546,2,2
3547,3,2
3548,1,2
3549,3,2
3550,4,2
3551,1,2
3552,2,2
3553,2,2
3554,2,2
3555,6,1
3556,5,1
3557,9,1
3558,2,1
3559,4,1
3560,2,1
3561,2,1
3562,3,1
3563,3,1
3564,7,1
3565,2,1
3566,1,1
3567,1,1
3568,1,1
3569,2,2
3570,2,2
3571,1,2
3572,2,2
3573,4,2
3574,2,2
3575,1,2
3576,8,2
3577,2,2
3578,7,2
3579,1,2
3580,1,1
3581,2,2
3582,2,2
3583,2,2
3584,2,2
3585,12,2
3586,6,2
3587,1,2
3588,1,2
3589,1,2
3590,1,2
3591,3,2
3592,3,2
3593,3,2
3594,3,2
3595,2,2
3596,1,2
3597,2,2
3598,8,2
3599,8,2
3600,4,2
3601,7,2
3602,2,2
3603,3,2
3604,2,2
3605,2,2
3606,4,2
3607,3,2
3608,2,2
3609,9,2
3610,1,2
3611,2,2
3612,1,2
3613,1,2
3614,1,2
3615,3,2
3616,2,2
3617,3,2
3618,5,2
3619,5,2
3620,11,2
3621,2,2
3622,2,2
3623,1,2
3624,1,2
3625,2,2
3626,1,2
3627,4,2
3628,5,2
3629,2,2
3630,1,2
3631,3,2
3632,3,2
3633,3,2
3634,7,2
3635,13,2
3636,5,2
3637,2,2
3638,5,2
3639,6,2
3640,1,2
3641,1,2
3642,3,2
3643,10,2
3644,5,2
3645,2,2
3646,2,2
3647,15,2
3648,10,2
3649,5,2
3650,8,2
3651,1,2
3652,13,2
3653,2,2
3654,5,2
3655,2,2
3656,2,2
3657,1,2
3658,2,2
3659,4,2
3660,1,2
3661,3,2
3662,3,2
3663,4,2
3664,4,2
3665,10,2
3666,11,2
3667,3,2
3668,3,2
3669,3,2
3670,2,1
3671,8,1
3672,4,1
3673,1,1
3674,7,1
3675,2,1
3676,2,1
3677,1,1
3678,3,1
3679,5,1
3680,5,1
3681,8,1
3682,2,1
3683,1,1
3684,2,1
3685,7,1
3686,2,1
3687,4,1
3688,5,1
3689,3,1
3690,2,1
3691,2,1
3692,3,1
3693,5,1
3694,2,1
3695,12,1
3696,6,1
3697,4,1
3698,2,1
3699,4,1
3700,5,1
3701,2,1
3702,1,1
3703,2,1
3704,6,2
3705,6,2
3706,3,2
3707,2,2
3708,5,2
3709,2,2
3710,3,2
3711,7,2
3712,5,2
3713,10,2
3714,1,2
3715,6,2
3716,2,2
3717,1,2
3718,6,2
3719,7,2
3720,5,2
3721,4,2
3722,7,2
3723,1,2
3724,9,2
3725,1,2
3726,1,2
3727,2,2
3728,14,2
3729,3,2
3730,5,2
3731,3,2
3732,8,2
3733,5,2
3734,11,2
3735,1,2
3736,2,2
3737,1,2
3738,3,2
3739,2,2
3740,1,2
3741,9,2
3742,8,2
3743,2,2
3744,3,2
3745,2,2
3746,2,2
3747,5,2
3748,2,2
3749,6,2
3750,2,2
3751,1,2
3752,3,2
3753,2,2
3754,4,2
3755,3,2
3756,2,2
3757,3,2
3758,2,2
3759,2,2
3760,1,2
3761,7,2
3762,1,2
3763,9,2
3764,2,2
3765,11,2
3766,3,2
3767,6,2
3768,5,2
3769,2,2
3770,2,2
3771,6,2
3772,12,2
3773,6,2
3774,6,2
3775,1,2
3776,2,1
3777,2,1
3778,2,1
3779,4,1
3780,13,1
3781,2,1
3782,4,1
3783,6,1
3784,2,1
3785,4,1
3786,3,2
3787,6,2
3788,3,2
3789,15,2
3790,8,2
3791,2,2
3792,2,2
3793,2,2
3794,4,2
3795,4,2
3796,3,2
3797,4,2
3798,5,2
3799,1,2
3800,13,2
3801,9,2
3802,6,2
3803,6,2
3804,3,2
3805,1,2
3806,9,2
3807,9,2
3808,5,2
3809,4,2
3810,1,2
3811,10,2
3812,4,2
3813,1,2
3814,4,2
3815,6,2
3816,2,2
3817,1,2
3818,2,2
3819,7,2
3820,4,2
3821,8,2
3822,1,2
3823,2,2
3824,6,2
3825,1,2
3826,4,2
3827,5,2
3828,11,2
3829,2,2
3830,5,2
3831,2,2
3832,2,2
3833,3,2
3834,12,2
3835,4,2
3836,6,2
3837,4,2
3838,5,2
3839,3,2
3840,17,2
3841,3,2
3842,19,2
3843,3,2
3844,4,2
3845,9,2
3846,5,2
3847,3,2
3848,2,2
3849,15,2
3850,1,2
3851,6,2
3852,10,2
3853,4,2
3854,1,2
3855,6,2
3856,1,2
3857,4,2
3858,8,2
3859,3,2
3860,7,2
3861,2,2
3862,3,2
3863,4,2
3864,2,2
3865,1,2
3866,3,2
3867,3,2
3868,1,2
3869,2,2
3870,1,2
3871,2,2
3872,1,2
3873,3,2
3874,2,2
3875,5,2
3876,2,2
3877,5,2
3878,7,2
3879,7,2
3880,2,2
3881,4,2
3882,2,2
3883,12,2
3884,5,2
3885,3,2
3886,3,2
3887,2,2
3888,4,2
3889,3,2
3890,2,2
3891,3,2
3892,5,2
3893,2,2
3894,8,1
3895,6,1
3896,5,1
3897,5,1
3898,4,1
3899,1,1
3900,7,1
3901,1,1
3902,2,1
3903,3,2
3904,1,2
3905,6,2
3906,4,2
3907,2,2
3908,2,2
3909,5,2
3910,2,2
3911,6,2
3912,1,2
3913,3,2
3914,5,2
3915,3,2
3916,3,2
3917,8,2
3918,4,2
3919,7,2
3920,3,1
3921,2,1
3922,1,1
3923,4,2
3924,4,2
3925,2,2
3926,16,2
3927,3,2
3928,2,2
3929,2,2
3930,4,2
3931,2,2
3932,8,2
3933,2,2
3934,1,2
3935,1,2
3936,1,2
3937,4,2
3938,2,2
3939,2,2
3940,1,2
3941,5,2
3942,1,2
3943,1,2
3944,11,2
3945,3,2
3946,1,2
3947,3,2
3948,12,2
3949,1,2
3950,5,2
3951,3,2
3952,6,2
3953,16,2
3954,1,2
3955,23,2
3956,4,2
3957,4,2
3958,7,2
3959,1,2
3960,5,2
3961,13,2
3962,2,2
3963,15,2
3964,2,2
3965,6,2
3966,2,2
3967,8,2
3968,7,2
3969,2,2
3970,7,2
3971,2,2
3972,7,2
3973,7,2
3974,3,2
3975,2,2
3976,2,2
3977,5,2
3978,3,2
3979,2,2
3980,13,2
3981,1,2
3982,4,2
3983,7,2
3984,2,2
3985,2,2
3986,2,2
3987,3,2
3988,10,2
3989,5,2
3990,2,2
3991,4,2
3992,4,2
3993,2,2
3994,11,2
3995,3,2
3996,2,2
3997,8,2
3998,5,1
3999,3,1
4000,4,1
4001,2,2
4002,3,2
4003,7,2
4004,1,2
4005,3,2
4006,4,2
4007,5,2
4008,4,2
4009,3,2
4010,4,2
4011,8,2
4012,8,2
4013,2,2
4014,6,2
4015,1,2
4016,2,2
4017,5,2
4018,3,2
4019,1,2
4020,5,2
4021,3,2
4022,1,2
4023,1,2
4024,4,2
4025,3,2
4026,4,2
4027,5,2
4028,3,2
4029,2,2
4030,10,2
4031,1,2
4032,4,2
4033,4,2
4034,6,2
4035,2,2
4036,4,2
4037,6,2
4038,5,2
4039,3,2
4040,9,2
4041,4,2
4042,1,2
4043,3,2
4044,5,2
4045,3,2
4046,11,1
4047,1,2
4048,1,2
4049,4,2
4050,6,2
4051,10,2
4052,14,2
4053,3,2
4054,1,2
4055,4,2
4056,1,2
4057,2,2
4058,2,2
4059,2,2
4060,5,2
4061,3,2
4062,4,2
4063,4,2
4064,11,2
4065,9,2
4066,4,2
4067,17,2
4068,6,2
4069,10,2
4070,4,2
4071,11,2
4072,5,2
4073,12,2
4074,8,2
4075,5,2
4076,5,2
4077,3,2
4078,6,2
4079,1,2
4080,2,2
4081,1,2
4082,2,2
4083,1,2
4084,3,2
4085,2,2
4086,1,2
4087,11,2
4088,3,2
4089,1,2
4090,11,2
4091,3,2
4092,4,2
4093,4,2
4094,11,2
4095,5,2
4096,12,2
4097,5,2
4098,3,2
4099,8,2
4100,1,2
4101,2,2
4102,4,2
4103,8,2
4104,15,2
4105,4,2
4106,4,2
4107,3,2
4108,10,2
4109,7,2
4110,13,2
4111,6,2
4112,3,2
4113,3,2
4114,2,2
4115,5,2
4116,2,2
4117,5,2
4118,7,2
4119,5,2
4120,2,2
4121,1,2
4122,1,2
4123,13,2
4124,2,2
4125,11,2
4126,2,2
4127,3,2
4128,1,2
4129,4,2
4130,2,2
4131,2,2
4132,2,2
4133,3,2
4134,4,2
4135,4,2
4136,2,2
4137,6,2
4138,3,2
4139,3,2
4140,2,2
4141,1,2
4142,3,2
4143,2,2
4144,2,2
4145,3,2
4146,4,2
4147,3,2
4148,11,2
4149,6,2
4150,2,2
4151,2,2
4152,11,2
4153,3,2
4154,2,2
4155,15,2
4156,1,2
4157,3,2
4158,5,2
4159,6,2
4160,2,2
4161,2,2
4162,2,2
4163,1,2
4164,2,1
4165,2,1
4166,24,1
4167,4,1
4168,3,1
4169,1,1
4170,6,1
4171,13,1
4172,3,1
4173,9,1
4174,8,2
4175,4,2
4176,2,2
4177,7,2
4178,9,2
4179,10,2
4180,1,2
4181,3,2
4182,2,1
4183,14,1
4184,2,1
4185,3,1
4186,2,1
4187,3,1
4188,4,2
4189,9,2
4190,9,2
4191,5,2
4192,7,2
4193,6,2
4194,5,2
4195,2,2
4196,1,2
4197,2,2
4198,1,2
4199,11,2
4200,3,2
4201,8,2
4202,6,2
4203,4,2
4204,6,2
4205,4,2
4206,5,2
4207,8,2
4208,1,2
4209,5,2
4210,3,2
4211,11,2
4212,2,2
4213,2,2
4214,5,2
4215,10,2
4216,3,2
4217,6,2
4218,4,2
4219,10,2
4220,6,2
4221,13,2
4222,2,2
4223,10,2
4224,5,2
4225,1,2
4226,2,2
4227,2,2
4228,2,2
4229,5,2
4230,1,2
4231,4,2
4232,4,2
4233,4,2
4234,10,2
4235,2,2
4236,5,2
4237,4,2
4238,5,2
4239,4,2
4240,1,2
4241,4,2
4242,2,2
4243,6,2
4244,3,2
4245,5,2
4246,9,2
4247,6,2
4248,2,2
4249,8,2
4250,4,2
4251,1,2
4252,5,2
4253,15,2
4254,4,2
4255,2,2
4256,6,2
4257,1,2
4258,2,2
4259,5,2
4260,4,2
4261,2,2
4262,4,2
4263,6,2
4264,7,2
4265,1,2
4266,9,2
4267,2,2
4268,2,2
4269,2,2
4270,5,2
4271,2,2
4272,5,2
4273,2,2
4274,4,2
4275,1,2
4276,1,2
4277,6,2
4278,4,2
4279,3,2
4280,4,2
4281,8,2
4282,5,2
4283,4,2
4284,6,2
4285,2,2
4286,2,2
4287,2,2
4288,13,2
4289,1,2
4290,3,2
4291,1,2
4292,7,2
4293,14,2
4294,3,2
4295,2,2
4296,1,2
4297,2,2
4298,5,2
4299,11,2
4300,2,2
4301,2,2
4302,1,2
4303,3,2
4304,2,2
4305,1,2
4306,3,2
4307,2,2
4308,5,2
4309,1,2
4310,3,2
4311,2,2
4312,7,2
4313,1,2
4314,7,2
4315,3,1
4316,6,1
4317,11,1
4318,2,1
4319,2,1
4320,2,1
4321,2,1
4322,1,1
4323,1,1
4324,3,1
4325,12,1
4326,1,1
4327,2,1
4328,1,1
4329,1,1
4330,2,1
4331,2,1
4332,3,1
4333,4,1
4334,1,1
4335,3,1
4336,4,1
4337,2,1
4338,2,1
4339,4,1
4340,1,1
4341,6,1
4342,3,2
4343,4,2
4344,2,2
4345,1,2
4346,8,2
4347,2,2
4348,7,2
4349,8,2
4350,5,2
4351,2,2
4352,6,2
4353,2,2
4354,3,2
4355,2,2
4356,5,2
4357,1,2
4358,3,2
4359,3,2
4360,4,2
4361,1,2
4362,4,2
4363,10,1
4364,4,1
4365,5,2
4366,2,2
4367,2,2
4368,3,2
4369,5,2
4370,2,2
4371,1,2
4372,8,2
4373,1,2
4374,7,2
4375,3,2
4376,15,2
4377,9,2
4378,2,2
4379,3,2
4380,4,2
4381,2,2
4382,1,2
4383,3,2
4384,1,2
4385,1,2
4386,4,2
4387,10,2
4388,1,2
4389,5,2
4390,3,2
4391,3,2
4392,6,2
4393,4,2
4394,1,2
4395,17,2
4396,3,2
4397,4,2
4398,2,2
4399,2,1
4400,1,1
4401,2,2
4402,12,2
4403,3,2
4404,4,2
4405,1,2
4406,2,2
4407,2,2
4408,2,2
4409,1,2
4410,11,2
4411,2,2
4412,4,2
4413,2,2
4414,2,2
4415,3,2
4416,1,2
4417,3,2
4418,3,2
4419,1,2
4420,1,2
4421,4,2
4422,2,2
4423,12,2
4424,9,2
4425,4,2
4426,7,2
4427,1,2
4428,7,2
4429,4,2
4430,3,2
4431,4,2
4432,1,2
4433,2,2
4434,2,2
4435,1,2
4436,9,2
4437,1,2
4438,8,2
4439,2,2
4440,2,2
4441,6,2
4442,2,2
4443,7,2
4444,5,2
4445,5,2
4446,9,2
4447,2,2
4448,1,2
4449,1,2
4450,6,2
4451,3,2
4452,2,2
4453,4,2
4454,6,2
4455,4,2
4456,3,2
4457,6,2
4458,8,2
4459,1,2
4460,6,2
4461,3,2
4462,3,2
4463,1,2
4464,3,2
4465,5,2
4466,2,2
4467,3,2
4468,7,2
4469,1,2
4470,2,2
4471,2,2
4472,2,2
4473,2,2
4474,2,2
4475,4,2
4476,8,2
4477,3,2
4478,1,2
4479,3,2
4480,4,2
4481,1,2
4482,3,2
4483,8,2
4484,3,2
4485,3,2
4486,1,2
4487,2,2
4488,2,2
4489,12,2
4490,2,2
4491,1,2
4492,5,2
4493,2,2
4494,5,2
4495,11,2
4496,2,2
4497,2,2
4498,1,2
4499,5,2
4500,3,2
4501,2,2
4502,5,2
4503,5,2
4504,6,2
4505,4,2
4506,1,2
4507,6,2
4508,13,2
4509,1,2
4510,2,2
4511,4,2
4512,2,2
4513,3,2
4514,2,2
4515,1,2
4516,6,2
4517,2,2
4518,3,2
4519,2,2
4520,1,2
4521,3,2
4522,5,2
4523,4,2
4524,9,2
4525,1,2
4526,5,2
4527,6,2
4528,4,2
4529,8,2
4530,3,2
4531,3,2
4532,1,2
4533,13,2
4534,8,2
4535,12,2
4536,2,2
4537,3,2
4538,4,2
4539,2,2
4540,6,2
4541,9,2
4542,1,2
4543,1,2
4544,3,1
4545,13,1
4546,2,2
4547,7,2
4548,3,2
4549,3,2
4550,3,2
4551,4,2
4552,3,2
4553,2,2
4554,5,2
4555,8,2
4556,3,2
4557,6,2
4558,2,2
4559,9,2
4560,5,2
4561,4,2
4562,4,2
4563,17,2
4564,4,2
4565,2,2
4566,3,2
4567,1,2
4568,3,2
4569,2,2
4570,2,2
4571,4,2
4572,7,2
4573,1,2
4574,1,2
4575,1,2
4576,1,2
4577,2,2
4578,3,2
4579,2,2
4580,3,2
4581,8,2
4582,1,2
4583,1,2
4584,3,2
4585,4,2
4586,3,2
4587,3,2
4588,8,2
4589,4,2
4590,3,2
4591,2,2
4592,7,2
4593,1,2
4594,2,2
4595,8,2
4596,3,2
4597,9,2
4598,9,2
4599,2,2
4600,3,2
4601,5,2
4602,2,2
4603,13,2
4604,4,2
4605,2,2
4606,4,2
4607,6,2
4608,1,2
4609,7,2
4610,8,2
4611,4,2
4612,4,2
4613,5,2
4614,3,2
4615,4,2
4616,4,2
4617,6,2
4618,4,2
4619,1,2
4620,5,2
4621,1,2
4622,3,2
4623,2,2
4624,3,2
4625,2,1
4626,9,1
4627,2,1
4628,11,2
4629,5,2
4630,3,2
4631,5,2
4632,6,2
4633,5,2
4634,5,2
4635,8,1
4636,3,1
4637,3,1
4638,2,2
4639,3,2
4640,3,2
4641,4,2
4642,3,2
4643,4,2
4644,6,2
4645,5,2
4646,2,2
4647,10,2
4648,3,2
4649,3,2
4650,2,2
4651,9,2
4652,2,2
4653,12,2
4654,10,2
4655,8,2
4656,2,2
4657,16,2
4658,3,2
4659,3,2
4660,1,2
4661,2,2
4662,3,2
4663,3,2
4664,7,2
4665,7,2
4666,2,2
4667,3,2
4668,2,2
4669,2,2
4670,2,2
4671,4,2
4672,2,2
4673,2,2
4674,5,2
4675,2,2
4676,2,2
4677,6,2
4678,2,1
4679,1,2
4680,8,2
4681,7,2
4682,1,2
4683,7,2
4684,5,2
4685,7,2
4686,7,2
4687,13,2
4688,3,2
4689,4,2
4690,2,2
4691,3,2
4692,2,2
4693,1,2
4694,2,2
4695,1,2
4696,1,2
4697,6,2
4698,2,2
4699,6,2
4700,2,2
4701,1,2
4702,6,2
4703,2,2
4704,1,2
4705,1,2
4706,6,2
4707,5,2
4708,10,2
4709,2,2
4710,9,2
4711,12,2
4712,3,2
4713,4,2
4714,7,2
4715,1,2
4716,3,2
4717,4,2
4718,10,2
4719,3,2
4720,4,2
4721,7,2
4722,3,2
4723,4,2
4724,3,2
4725,4,2
4726,5,2
4727,1,2
4728,11,2
4729,3,2
4730,2,2
4731,3,2
4732,4,2
4733,9,2
4734,7,2
4735,3,1
4736,2,1
4737,4,1
4738,6,1
4739,5,1
4740,1,2
4741,4,2
4742,10,2
4743,1,2
4744,1,2
4745,2,2
4746,1,2
4747,6,2
4748,2,2
4749,1,2
4750,3,2
4751,1,2
4752,2,2
4753,3,2
4754,6,2
4755,3,2
4756,1,2
4757,2,2
4758,8,2
4759,4,2
4760,5,2
4761,4,2
4762,1,2
4763,4,2
4764,7,2
4765,6,2
4766,5,2
4767,10,2
4768,4,2
4769,4,2
4770,1,2
4771,4,2
4772,3,2
4773,2,2
4774,11,2
4775,17,2
4776,3,1
4777,12,1
4778,11,1
4779,5,1
4780,3,1
4781,2,1
4782,2,1
4783,3,1
4784,7,1
4785,2,1
4786,2,1
4787,4,1
4788,4,1
4789,2,1
4790,2,1
4791,2,2
4792,1,2
4793,5,2
4794,3,2
4795,7,2
4796,3,2
4797,4,2
4798,5,2
4799,2,2
4800,8,2
4801,1,2
4802,3,2
4803,3,2
4804,1,2
4805,2,2
4806,6,2
4807,2,2
4808,4,1
4809,2,1
4810,3,1
4811,1,2
4812,1,2
4813,6,2
4814,2,2
4815,1,2
4816,20,2
4817,3,2
4818,6,2
4819,3,2
4820,2,2
4821,9,2
4822,6,2
4823,4,2
4824,3,2
4825,3,2
4826,5,2
4827,3,2
4828,2,2
4829,11,2
4830,3,2
4831,2,2
4832,3,2
4833,2,2
4834,2,2
4835,2,2
4836,4,2
4837,5,2
4838,1,2
4839,3,2
4840,9,2
4841,4,2
4842,4,2
4843,1,2
4844,2,2
4845,3,2
4846,4,2
4847,2,2
4848,1,2
4849,6,2
4850,2,2
4851,1,2
4852,1,2
4853,1,2
4854,2,2
4855,1,2
4856,5,2
4857,6,2
4858,11,2
4859,4,2
4860,2,2
4861,9,2
4862,2,2
4863,22,2
4864,2,2
4865,3,2
4866,5,2
4867,3,2
4868,4,2
4869,3,2
4870,4,2
4871,20,2
4872,5,2
4873,2,2
4874,3,2
4875,15,2
4876,2,2
4877,3,2
4878,3,2
4879,4,2
4880,9,2
4881,5,2
4882,1,2
4883,6,2
4884,2,2
4885,10,2
4886,4,2
4887,11,2
4888,1,2
4889,3,2
4890,5,2
4891,2,2
4892,6,2
4893,2,2
4894,2,2
4895,1,2
4896,9,2
4897,3,2
4898,6,2
4899,5,2
4900,3,2
4901,2,2
4902,2,2
4903,4,2
4904,3,2
4905,3,2
4906,3,2
4907,4,2
4908,2,1
4909,4,2
4910,4,2
4911,2,2
4912,4,2
4913,3,2
4914,5,2
4915,1,2
4916,4,2
4917,7,2
4918,1,2
4919,3,2
4920,8,2
4921,2,2
4922,5,2
4923,12,2
4924,2,2
4925,2,2
4926,17,2
4927,3,2
4928,4,2
4929,4,2
4930,8,2
4931,2,2
4932,4,2
4933,6,2
4934,6,2
4935,8,2
4936,2,2
4937,5,2
4938,5,2
4939,1,2
4940,6,2
4941,2,2
4942,5,2
4943,4,2
4944,1,2
4945,3,2
4946,1,2
4947,2,2
4948,5,2
4949,4,2
4950,1,2
4951,2,2
4952,6,2
4953,1,2
4954,5,2
4955,5,2
4956,2,2
4957,10,2
4958,5,2
4959,4,2
4960,4,2
4961,1,2
4962,7,2
4963,6,2
4964,6,2
4965,3,2
4966,1,2
4967,1,2
4968,6,2
4969,5,2
4970,2,2
4971,15,2
4972,3,2
4973,1,2
4974,2,2
4975,1,2
4976,4,2
4977,1,2
4978,7,1
4979,2,2
4980,2,2
4981,2,2
4982,4,1
4983,2,1
4984,3,1
4985,5,1
4986,1,1
4987,5,1
4988,8,1
4989,1,1
4990,1,1
4991,6,1
4992,7,1
4993,2,1
4994,3,1
4995,4,1
4996,4,1
4997,5,1
4998,4,1
4999,2,2
5000,2,2
5001,1,2
5002,2,2
5003,2,2
5004,1,2
5005,4,2
5006,5,2
5007,1,2
5008,3,1
5009,3,1
5010,9,1
5011,10,1
5012,3,1
5013,2,1
5014,5,1
5015,1,2
5016,2,2
5017,8,2
5018,4,2
5019,1,2
5020,5,2
5021,4,2
5022,17,2
5023,4,2
5024,11,2
5025,4,2
5026,2,2
5027,4,2
5028,3,2
5029,5,2
5030,12,2
5031,3,2
5032,13,2
5033,1,2
5034,8,2
5035,17,2
5036,3,2
5037,3,2
5038,2,2
5039,6,2
5040,3,2
5041,3,2
5042,18,2
5043,6,2
5044,2,2
5045,3,2
5046,3,2
5047,3,2
5048,5,2
5049,3,2
5050,1,2
5051,2,2
5052,5,2
5053,1,2
5054,8,2
5055,1,2
5056,3,2
5057,2,2
5058,5,2
5059,2,2
5060,10,2
5061,19,2
5062,3,2
5063,3,2
5064,1,2
5065,6,2
5066,3,2
5067,1,2
5068,8,2
5069,12,2
5070,3,2
5071,1,2
5072,2,2
5073,2,2
5074,4,2
5075,4,1
5076,5,1
5077,4,1
5078,10,1
5079,4,2
5080,3,2
5081,10,2
5082,1,2
5083,2,2
5084,1,2
5085,1,2
5086,4,2
5087,7,2
5088,6,2
5089,4,2
5090,2,2
5091,6,2
5092,4,2
5093,6,2
5094,5,2
5095,1,2
5096,1,2
5097,8,2
5098,1,2
5099,2,2
5100,2,2
5101,2,2
5102,2,2
5103,3,2
5104,1,2
5105,6,2
5106,3,2
5107,12,2
5108,2,2
5109,2,2
5110,1,2
5111,2,2
5112,3,2
5113,7,2
5114,3,2
5115,1,2
5116,3,2
5117,7,2
5118,1,2
5119,3,2
5120,2,2
5121,2,2
5122,1,2
5123,6,2
5124,8,2
5125,1,2
5126,4,2
5127,5,2
5128,2,2
5129,4,2
5130,3,2
5131,1,2
5132,2,2
5133,8,2
5134,3,2
5135,1,2
5136,2,2
5137,2,2
5138,3,1
5139,4,1
5140,7,1
5141,1,1
5142,9,1
5143,2,1
5144,1,1
5145,8,2
5146,13,2
5147,5,2
5148,3,2
5149,3,2
5150,4,2
5151,4,2
5152,2,2
5153,2,2
5154,1,2
5155,3,2
5156,3,2
5157,3,2
5158,2,2
5159,5,2
5160,11,2
5161,6,2
5162,2,2
5163,1,2
5164,21,2
5165,1,2
5166,7,2
5167,11,2
5168,8,2
5169,17,2
5170,9,2
5171,4,2
5172,4,2
5173,17,2
5174,7,2
5175,4,2
5176,22,2
5177,10,2
5178,1,2
5179,4,2
5180,9,2
5181,2,2
5182,3,2
5183,6,2
5184,6,2
5185,7,2
5186,2,2
5187,11,2
5188,1,2
5189,6,2
5190,2,2
5191,5,2
5192,2,2
5193,4,2
5194,3,2
5195,13,2
5196,8,2
5197,6,2
5198,6,2
5199,4,2
5200,18,2
5201,6,2
5202,10,2
5203,8,2
5204,11,2
5205,3,2
5206,10,2
5207,2,2
5208,6,2
5209,4,2
5210,9,2
5211,4,2
5212,6,2
5213,6,2
5214,4,2
5215,4,2
5216,3,2
5217,5,2
5218,1,2
5219,1,2
5220,3,2
5221,2,2
5222,4,2
5223,2,2
5224,8,2
5225,4,2
5226,4,2
5227,4,2
5228,2,2
5229,5,2
5230,3,2
5231,3,2
5232,2,2
5233,8,2
5234,1,2
5235,3,2
5236,1,2
5237,3,2
5238,7,2
5239,5,2
5240,2,1
5241,2,1
5242,3,2
5243,3,2
5244,2,2
5245,1,2
5246,2,2
5247,3,2
5248,5,2
5249,3,1
5250,4,1
5251,4,2
5252,1,2
5253,3,2
5254,2,2
5255,2,2
5256,3,2
5257,3,2
5258,3,2
5259,4,2
5260,4,2
5261,3,2
5262,2,2
5263,4,2
5264,5,2
5265,2,2
5266,1,2
5267,2,2
5268,1,2
5269,5,2
5270,6,1
5271,3,1
5272,9,1
5273,6,1
5274,6,1
5275,1,1
5276,8,1
5277,2,1
5278,6,1
5279,3,1
5280,12,1
5281,4,1
5282,6,1
5283,20,1
5284,7,1
5285,8,1
5286,1,1
5287,3,1
5288,3,1
5289,10,1
5290,2,1
5291,12,1
5292,2,1
5293,4,1
5294,4,1
5295,8,1
5296,2,1
5297,2,1
5298,1,1
5299,2,1
5300,2,1
5301,1,1
5302,2,1
5303,2,1
5304,2,1
5305,2,2
5306,4,2
5307,1,2
5308,2,1
5309,7,2
5310,3,2
5311,2,2
5312,1,2
5313,3,2
5314,7,2
5315,1,2
5316,5,2
5317,2,2
5318,6,2
5319,4,2
5320,1,2
5321,4,2
5322,10,2
5323,1,2
5324,21,2
5325,5,2
5326,8,2
5327,2,2
5328,2,2
5329,5,2
5330,3,2
5331,4,2
5332,2,2
5333,2,2
5334,9,2
5335,1,2
5336,2,2
5337,10,2
5338,23,2
5339,6,2
5340,8,2
5341,7,2
5342,2,2
5343,6,2
5344,1,2
5345,4,2
5346,3,2
5347,2,1
5348,6,1
5349,2,1
5350,3,2
5351,5,2
5352,1,2
5353,2,2
5354,6,2
5355,1,2
5356,2,2
5357,5,2
5358,6,2
5359,3,2
5360,16,2
5361,13,2
5362,2,2
5363,16,2
5364,7,2
5365,3,2
5366,5,2
5367,11,2
5368,5,2
5369,11,2
5370,6,2
5371,10,2
5372,5,2
5373,14,2
5374,6,2
5375,3,2
5376,5,2
5377,8,2
5378,6,2
5379,4,2
5380,2,1
5381,4,1
5382,15,1
5383,3,1
5384,3,1
5385,3,1
5386,3,1
5387,1,1
5388,3,2
5389,9,2
5390,3,2
5391,4,2
5392,9,2
5393,2,2
5394,1,2
5395,4,2
5396,8,2
5397,2,2
5398,3,2
5399,3,2
5400,2,2
5401,7,2
5402,1,2
5403,8,2
5404,1,2
5405,1,2
5406,2,2
5407,1,2
5408,6,2
5409,2,1
5410,6,1
5411,8,1
5412,1,1
5413,8,1
5414,4,1
5415,6,1
5416,6,1
5417,7,1
5418,2,1
5419,3,2
5420,2,2
5421,7,2
5422,9,2
5423,4,2
5424,3,2
5425,3,2
5426,8,2
5427,5,2
5428,12,2
5429,6,2
5430,1,2
5431,1,2
5432,8,2
5433,1,2
5434,5,2
5435,2,2
5436,3,2
5437,3,2
5438,4,2
5439,6,2
5440,5,2
5441,1,2
5442,5,2
5443,2,2
5444,11,2
5445,3,2
5446,2,2
5447,7,2
5448,1,2
5449,14,2
5450,8,2
5451,2,2
5452,5,2
5453,5,2
5454,2,2
5455,8,2
5456,3,2
5457,2,2
5458,3,2
5459,2,2
5460,3,2
5461,8,2
5462,7,2
5463,2,2
5464,3,2
5465,2,2
5466,2,2
5467,3,2
5468,14,2
5469,7,2
5470,3,2
5471,2,2
5472,6,2
5473,10,2
5474,9,2
5475,2,2
5476,4,2
5477,4,2
5478,4,2
5479,6,2
5480,4,2
5481,2,2
5482,3,2
5483,2,2
5484,2,2
5485,12,2
5486,4,2
5487,1,2
5488,3,2
5489,5,2
5490,3,2
5491,6,2
5492,8,2
5493,4,2
5494,10,2
5495,5,2
5496,3,2
5497,2,2
5498,9,2
5499,3,2
5500,2,2
5501,3,2
5502,3,2
5503,6,2
5504,3,2
5505,5,2
5506,7,2
5507,2,2
5508,2,2
5509,5,2
5510,5,2
5511,4,2
5512,1,2
5513,3,2
5514,4,2
5515,2,2
5516,2,2
5517,2,2
5518,2,2
5519,4,2
5520,3,2
5521,3,2
5522,8,2
5523,3,2
5524,5,2
5525,3,2
5526,1,2
5527,5,2
5528,3,2
5529,5,2
5530,11,2
5531,3,2
5532,3,2
5533,5,2
5534,7,2
5535,1,2
5536,10,2
5537,3,2
5538,3,2
5539,2,2
5540,2,2
5541,3,2
5542,3,2
5543,2,2
5544,9,2
5545,1,2
5546,1,2
5547,9,2
5548,8,2
5549,3,2
5550,2,2
5551,4,2
5552,7,2
5553,2,2
5554,2,2
5555,3,2
5556,3,2
5557,4,2
5558,1,2
5559,7,2
5560,6,2
5561,3,2
5562,4,2
5563,2,2
5564,12,2
5565,6,2
5566,7,2
5567,2,2
5568,5,2
5569,2,2
5570,8,2
5571,3,2
5572,2,2
5573,9,2
5574,2,2
5575,4,2
5576,4,2
5577,5,2
5578,3,2
5579,8,2
5580,10,2
5581,1,2
5582,3,2
5583,3,2
5584,3,2
5585,2,2
5586,1,2
5587,3,2
5588,4,2
5589,4,2
5590,8,2
5591,2,2
5592,4,2
5593,2,2
5594,5,2
5595,1,2
5596,2,2
5597,1,2
5598,7,2
5599,4,2
5600,6,2
5601,2,2
5602,2,2
5603,3,2
5604,2,2
5605,7,2
5606,2,2
5607,2,2
5608,15,2
5609,7,1
5610,5,2
5611,3,2
5612,5,2
5613,2,2
5614,4,2
5615,9,2
5616,2,2
5617,1,2
5618,3,2
5619,6,2
5620,3,2
5621,3,2
5622,4,2
5623,4,2
5624,3,2
5625,2,2
5626,1,2
5627,4,2
5628,4,2
5629,1,2
5630,2,2
5631,3,2
5632,4,2
5633,5,2
5634,4,2
5635,4,2
5636,3,2
5637,7,2
5638,4,2
5639,7,2
5640,4,2
5641,6,2
5642,3,2
5643,4,2
5644,9,2
5645,4,2
5646,4,2
5647,3,2
5648,3,2
5649,2,2
5650,5,2
5651,4,2
5652,1,2
5653,8,2
5654,1,2
5655,4,2
5656,1,2
5657,13,2
5658,2,2
5659,2,2
5660,7,2
5661,4,2
5662,2,2
5663,2,2
5664,3,2
5665,8,2
5666,9,2
5667,4,2
5668,6,2
5669,5,2
5670,2,2
5671,5,2
5672,2,2
5673,6,2
5674,2,2
5675,2,2
5676,7,2
5677,4,2
5678,3,2
5679,4,2
5680,4,2
5681,4,2
5682,8,2
5683,2,2
5684,3,2
5685,2,2
5686,3,2
5687,3,2
5688,7,2
5689,3,2
5690,5,2
5691,5,2
5692,3,2
5693,1,2
5694,12,2
5695,3,2
5696,8,2
5697,5,2
5698,12,2
5699,3,2
5700,3,2
5701,2,2
5702,7,2
5703,2,2
5704,4,2
5705,4,2
5706,6,2
5707,2,2
5708,5,2
5709,2,2
5710,4,2
5711,5,2
5712,1,2
5713,6,2
5714,10,2
5715,8,2
5716,2,2
5717,2,2
5718,6,2
5719,1,2
5720,7,2
5721,4,2
5722,2,2
5723,11,2
5724,3,2
5725,3,2
5726,2,2
5727,2,2
5728,5,2
5729,1,2
5730,1,2
5731,7,2
5732,6,2
5733,6,2
5734,1,2
5735,5,2
5736,2,2
5737,3,2
5738,5,2
5739,3,2
5740,4,2
5741,2,2
5742,1,2
5743,4,2
5744,26,2
5745,9,2
5746,7,2
5747,8,2
5748,1,2
5749,7,2
5750,7,2
5751,7,2
5752,1,2
5753,2,2
5754,2,2
5755,2,2
5756,7,2
5757,7,2
5758,1,2
5759,2,2
5760,3,2
5761,3,2
5762,5,2
5763,8,2
5764,1,2
5765,5,2
5766,1,2
5767,2,2
5768,3,2
5769,5,2
5770,5,2
5771,4,2
5772,3,2
5773,2,2
5774,2,2
5775,3,2
5776,6,2
5777,2,2
5778,5,2
5779,5,2
5780,2,1
5781,2,1
5782,11,1
5783,2,1
5784,2,1
5785,1,1
5786,7,1
5787,2,1
5788,9,1
5789,1,2
5790,2,2
5791,2,2
5792,3,2
5793,3,2
5794,2,2
5795,6,2
5796,2,2
5797,9,2
5798,2,2
5799,6,2
5800,1,2
5801,5,2
5802,2,2
5803,4,2
5804,6,2
5805,3,2
5806,9,2
5807,2,2
5808,1,2
5809,3,2
5810,4,2
5811,1,2
5812,1,2
5813,2,2
5814,2,2
5815,10,2
5816,1,2
5817,2,2
5818,6,2
5819,7,2
5820,10,2
5821,4,2
5822,8,2
5823,2,2
5824,3,2
5825,12,2
5826,2,2
5827,9,2
5828,4,2
5829,13,2
5830,3,2
5831,5,2
5832,6,2
5833,2,2
5834,1,2
5835,25,2
5836,9,2
5837,5,2
5838,7,2
5839,2,2
5840,5,2
5841,3,2
5842,4,2
5843,13,2
5844,1,2
5845,4,2
5846,6,2
5847,1,2
5848,3,2
5849,2,2
5850,2,2
5851,1,2
5852,4,2
5853,4,2
5854,1,2
5855,4,2
5856,12,2
5857,9,2
5858,1,1
5859,2,1
5860,3,1
5861,3,1
5862,3,1
5863,3,1
5864,1,2
5865,3,2
5866,2,2
5867,6,2
5868,8,2
5869,1,2
5870,3,2
5871,4,2
5872,8,2
5873,1,2
5874,1,2
5875,3,2
5876,1,2
5877,1,2
5878,2,2
5879,2,2
5880,3,2
5881,3,2
5882,2,2
5883,2,2
5884,7,2
5885,3,2
5886,4,2
5887,1,2
5888,4,2
5889,5,2
5890,5,2
5891,2,2
5892,4,2
5893,2,2
5894,4,2
5895,7,2
5896,4,2
5897,2,2
5898,2,2
5899,4,2
5900,3,2
5901,1,2
5902,2,2
5903,16,2
5904,3,2
5905,6,2
5906,7,2
5907,1,2
5908,14,2
5909,2,2
5910,8,2
5911,2,2
5912,3,2
5913,1,2
5914,2,1
5915,4,1
5916,3,1
5917,3,1
5918,11,2
5919,2,2
5920,4,2
5921,2,2
5922,5,2
5923,3,2
5924,1,2
5925,1,2
5926,4,2
5927,4,2
5928,7,2
5929,10,2
5930,12,2
5931,6,1
5932,5,2
5933,8,2
5934,7,2
5935,1,2
5936,3,2
5937,4,2
5938,4,2
5939,6,2
5940,6,2
5941,1,1
5942,3,1
5943,2,1
5944,3,1
5945,3,1
5946,1,1
5947,3,1
5948,2,1
5949,1,1
5950,3,1
5951,1,1
5952,3,1
5953,1,1
5954,1,1
5955,3,2
5956,4,2
5957,2,2
5958,7,2
5959,3,2
5960,9,2
5961,4,2
5962,4,2
5963,13,2
5964,1,2
5965,7,2
5966,3,2
5967,5,2
5968,2,2
5969,2,2
5970,4,2
5971,1,2
5972,5,2
5973,4,2
5974,2,2
5975,5,2
5976,5,2
5977,2,2
5978,2,2
5979,2,2
5980,7,2
5981,4,2
5982,1,2
5983,3,2
5984,7,2
5985,7,2
5986,3,2
5987,3,2
5988,1,2
5989,7,2
5990,4,2
5991,5,2
5992,6,2
5993,2,2
5994,5,2
5995,1,2
5996,7,2
5997,3,2
5998,3,2
5999,1,2
6000,1,2
6001,13,2
6002,3,1
6003,4,1
6004,2,2
6005,4,2
6006,2,2
6007,4,2
6008,9,2
6009,5,2
6010,1,2
6011,3,2
6012,1,2
6013,3,2
6014,6,2
6015,9,2
6016,2,2
6017,3,2
6018,6,2
6019,1,2
6020,5,2
6021,1,2
6022,3,2
6023,6,2
6024,1,2
6025,1,2
6026,3,2
6027,2,2
6028,8,2
6029,1,2
6030,4,2
6031,5,2
6032,4,2
6033,2,2
6034,3,2
6035,7,2
6036,4,2
6037,4,2
6038,13,2
6039,4,2
6040,10,2
6041,2,2
6042,4,2
6043,5,2
6044,1,2
6045,5,2
6046,1,2
6047,2,2
6048,2,2
6049,2,2
6050,1,2
6051,2,2
6052,1,2
6053,4,2
6054,11,2
6055,6,2
6056,1,2
6057,1,2
6058,4,2
6059,3,2
6060,2,2
6061,3,2
6062,5,2
6063,3,2
6064,11,2
6065,6,2
6066,5,2
6067,6,2
6068,6,1
6069,5,1
6070,7,1
6071,3,1
6072,2,1
6073,3,1
6074,4,1
6075,5,1
6076,3,1
6077,6,1
6078,2,1
6079,6,1
6080,8,1
6081,3,1
6082,9,1
6083,10,1
6084,2,2
6085,4,2
6086,4,2
6087,1,2
6088,1,2
6089,8,2
6090,2,2
6091,5,1
6092,2,2
6093,2,2
6094,1,2
6095,2,2
6096,2,2
6097,4,2
6098,3,2
6099,3,2
6100,3,2
6101,1,2
6102,2,2
6103,2,2
6104,8,2
6105,1,2
6106,1,2
6107,4,2
6108,6,2
6109,5,2
6110,6,2
6111,1,2
6112,4,1
6113,1,2
6114,2,2
6115,2,2
6116,2,2
6117,5,2
6118,12,2
6119,2,2
6120,4,2
6121,2,2
6122,7,2
6123,1,2
6124,3,2
6125,1,2
6126,4,2
6127,9,2
6128,1,2
6129,3,2
6130,6,2
6131,13,2
6132,2,2
6133,9,2
6134,7,2
6135,3,2
6136,7,2
6137,10,2
6138,2,2
6139,2,2
6140,3,2
6141,4,2
6142,4,2
6143,3,2
6144,3,2
6145,2,2
6146,1,2
6147,4,2
6148,4,2
6149,9,2
6150,2,2
6151,4,2
6152,9,2
6153,3,2
6154,6,2
6155,2,2
6156,2,2
6157,4,2
6158,2,2
6159,1,2
6160,1,2
6161,1,2
6162,7,2
6163,11,2
6164,1,2
6165,2,2
6166,2,2
6167,1,2
6168,3,2
6169,4,2
6170,8,2
6171,7,2
6172,4,2
6173,3,2
6174,5,2
6175,1,2
6176,6,2
6177,4,2
6178,1,2
6179,2,2
6180,4,2
6181,2,2
6182,10,2
6183,4,2
6184,4,2
6185,2,2
6186,2,2
6187,2,2
6188,2,2
6189,3,2
6190,4,2
6191,6,2
6192,4,2
6193,2,2
6194,6,2
6195,2,2
6196,9,2
6197,10,2
6198,3,1
6199,2,1
6200,6,1
6201,3,2
6202,4,2
6203,4,2
6204,5,2
6205,11,2
6206,5,2
6207,1,2
6208,3,2
6209,6,2
6210,9,2
6211,4,2
6212,1,2
6213,8,2
6214,1,1
6215,4,2
6216,6,2
6217,2,2
6218,3,2
6219,5,2
6220,2,2
6221,7,2
6222,1,2
6223,4,2
6224,2,2
6225,1,2
6226,2,2
6227,1,2
6228,9,2
6229,2,2
6230,2,2
6231,4,2
6232,2,2
6233,6,2
6234,3,2
6235,1,2
6236,3,2
6237,1,2
6238,5,2
6239,1,2
6240,1,2
6241,12,2
6242,4,2
6243,3,2
6244,2,2
6245,3,2
6246,4,1
6247,1,1
6248,5,1
6249,6,1
6250,5,2
6251,4,2
6252,6,2
6253,1,2
6254,6,2
6255,2,2
6256,3,2
6257,3,2
6258,2,2
6259,3,2
6260,2,2
6261,5,2
6262,6,2
6263,1,2
6264,6,2
6265,3,2
6266,4,2
6267,6,2
6268,6,2
6269,6,1
6270,1,1
6271,9,1
6272,7,1
6273,4,1
6274,2,1
6275,6,1
6276,13,1
6277,9,1
6278,1,1
6279,26,1
6280,5,1
6281,1,1
6282,13,1
6283,1,1
6284,2,1
6285,12,1
6286,4,1
6287,3,1
6288,9,1
6289,2,1
6290,8,1
6291,4,1
6292,2,1
6293,3,1
6294,6,1
6295,1,1
6296,8,1
6297,4,2
6298,7,2
6299,2,2
6300,2,2
6301,3,2
6302,5,2
6303,7,2
6304,8,2
6305,7,2
6306,2,2
6307,6,2
6308,1,2
6309,2,2
6310,2,2
6311,6,1
6312,4,2
6313,2,2
6314,1,2
6315,4,2
6316,2,2
6317,1,2
6318,3,2
6319,4,2
6320,1,2
6321,9,2
6322,1,2
6323,5,2
6324,5,2
6325,2,2
6326,6,2
6327,2,2
6328,2,2
6329,1,2
6330,8,2
6331,1,2
6332,5,2
6333,8,2
6334,7,2
6335,3,2
6336,3,2
6337,2,2
6338,5,2
6339,1,2
6340,1,2
6341,2,2
6342,2,2
6343,10,2
6344,2,2
6345,2,2
6346,7,2
6347,1,2
6348,9,2
6349,2,2
6350,11,2
6351,1,2
6352,2,2
6353,13,2
6354,6,2
6355,1,2
6356,1,2
6357,3,2
6358,5,2
6359,3,1
6360,4,2
6361,10,2
6362,3,2
6363,1,2
6364,3,2
6365,1,2
6366,5,2
6367,4,1
6368,7,1
6369,16,1
6370,5,1
6371,7,1
6372,3,1
6373,3,1
6374,4,1
6375,7,1
6376,2,1
6377,4,1
6378,5,1
6379,6,1
6380,14,1
6381,1,1
6382,10,1
6383,2,1
6384,14,1
6385,3,1
6386,2,1
6387,11,2
6388,4,2
6389,7,2
6390,3,2
6391,2,2
6392,1,2
6393,5,2
6394,10,2
6395,1,2
6396,6,2
6397,7,2
6398,2,2
6399,8,2
6400,4,2
6401,2,2
6402,5,2
6403,7,2
6404,1,2
6405,5,2
6406,4,2
6407,5,2
6408,2,2
6409,1,2
6410,1,2
6411,2,2
6412,3,2
6413,4,2
6414,2,2
6415,8,2
6416,2,2
6417,2,2
6418,3,2
6419,3,2
6420,2,2
6421,2,2
6422,2,2
6423,12,2
6424,7,2
6425,1,2
6426,9,2
6427,5,2
6428,6,2
6429,10,2
6430,1,2
6431,4,2
6432,3,2
6433,3,2
6434,2,2
6435,2,2
6436,11,2
6437,3,2
6438,4,2
6439,2,2
6440,3,2
6441,7,2
6442,4,2
6443,2,2
6444,3,2
6445,2,2
6446,5,2
6447,6,2
6448,3,2
6449,3,2
6450,2,2
6451,5,2
6452,1,2
6453,2,2
6454,5,2
6455,3,2
6456,2,2
6457,3,2
6458,3,2
6459,3,2
6460,1,2
6461,4,2
6462,3,2
6463,6,2
6464,4,2
6465,2,2
6466,5,2
6467,6,2
6468,1,2
6469,3,2
6470,5,2
6471,6,2
6472,8,2
6473,4,2
6474,3,2
6475,1,2
6476,1,2
6477,4,2
6478,16,2
6479,8,2
6480,2,2
6481,2,2
6482,3,2
6483,4,2
6484,5,2
6485,2,2
6486,3,2
6487,8,2
6488,1,2
6489,5,2
6490,2,2
6491,6,2
6492,1,2
6493,2,2
6494,3,2
6495,3,2
6496,4,2
6497,5,2
6498,2,2
6499,4,2
6500,1,2
6501,3,2
6502,2,2
6503,1,2
6504,3,2
6505,1,2
6506,4,2
6507,3,2
6508,1,2
6509,2,2
6510,4,2
6511,1,2
6512,2,2
6513,9,2
6514,5,2
6515,1,2
6516,7,2
6517,6,2
6518,1,2
6519,3,2
6520,2,2
6521,2,1
6522,14,1
6523,2,1
6524,1,1
6525,1,1
6526,8,2
6527,3,2
6528,2,2
6529,5,2
6530,9,2
6531,4,2
6532,4,2
6533,5,2
6534,7,2
6535,1,2
6536,2,2
6537,3,2
6538,1,2
6539,2,2
6540,1,2
6541,2,2
6542,6,2
6543,3,1
6544,8,2
6545,5,2
6546,2,2
6547,8,2
6548,6,2
6549,1,2
6550,1,2
6551,9,2
6552,2,2
6553,3,2
6554,5,2
6555,1,2
6556,2,2
6557,7,2
6558,1,2
6559,3,2
6560,1,2
6561,1,2
6562,3,2
6563,2,2
6564,2,2
6565,2,2
6566,3,2
6567,4,2
6568,1,2
6569,6,2
6570,7,2
6571,1,2
6572,3,2
6573,6,2
6574,2,2
6575,4,2
6576,4,2
6577,6,2
6578,5,2
6579,4,2
6580,2,2
6581,2,2
6582,4,2
6583,3,2
6584,4,2
6585,2,2
6586,2,2
6587,4,2
6588,7,2
6589,1,2
6590,12,2
6591,6,2
6592,3,2
6593,7,2
6594,5,2
6595,9,2
6596,4,2
6597,7,2
6598,3,2
6599,2,2
6600,3,2
6601,1,2
6602,2,2
6603,5,2
6604,4,2
6605,11,2
6606,2,2
6607,4,2
6608,3,2
6609,7,2
6610,4,2
6611,3,2
6612,2,1
6613,1,1
6614,5,1
6615,6,2
6616,2,2
6617,3,2
6618,2,2
6619,3,2
6620,3,2
6621,7,2
6622,4,2
6623,6,2
6624,2,2
6625,1,2
6626,7,2
6627,1,2
6628,3,2
6629,7,2
6630,4,2
6631,7,2
6632,5,2
6633,2,2
6634,6,2
6635,1,2
6636,1,2
6637,3,2
6638,7,2
6639,4,2
6640,1,2
6641,5,2
6642,5,2
6643,3,2
6644,2,2
6645,2,2
6646,2,2
6647,3,2
6648,3,2
6649,4,2
6650,4,2
6651,3,2
6652,4,2
6653,3,2
6654,2,2
6655,5,2
6656,4,2
6657,3,2
6658,3,2
6659,1,2
6660,1,2
6661,2,2
6662,4,2
6663,6,2
6664,7,2
6665,6,2
6666,2,2
6667,1,2
6668,2,2
6669,3,2
6670,3,2
6671,5,2
6672,3,2
6673,5,2
6674,2,2
6675,3,2
6676,3,2
6677,3,2
6678,2,2
6679,1,2
6680,2,2
6681,1,2
6682,2,2
6683,10,2
6684,4,2
6685,3,2
6686,2,2
6687,1,2
6688,1,2
6689,3,2
6690,2,2
6691,4,2
6692,4,2
6693,4,2
6694,1,2
6695,2,2
6696,6,2
6697,2,2
6698,6,2
6699,2,2
6700,1,2
6701,1,2
6702,1,2
6703,3,2
6704,1,2
6705,13,2
6706,6,2
6707,6,2
6708,2,2
6709,5,2
6710,1,2
6711,3,2
6712,5,2
6713,4,2
6714,3,2
6715,2,2
6716,3,2
6717,4,2
6718,2,2
6719,3,2
6720,5,2
6721,3,2
6722,7,2
6723,2,2
6724,5,1
6725,1,1
6726,5,1
6727,4,1
6728,6,1
6729,2,1
6730,2,1
6731,2,2
6732,3,2
6733,1,2
6734,1,2
6735,4,2
6736,4,2
6737,4,2
6738,2,2
6739,5,2
6740,2,2
6741,2,2
6742,2,2
6743,9,2
6744,4,2
6745,3,2
6746,2,2
6747,3,2
6748,5,2
6749,9,2
6750,2,2
6751,5,2
6752,8,2
6753,2,2
6754,3,2
6755,2,2
6756,10,2
6757,1,2
6758,9,2
6759,4,2
6760,6,2
6761,3,2
6762,1,2
6763,1,2
6764,2,2
6765,1,2
6766,2,2
6767,5,2
6768,5,1
6769,6,1
6770,7,1
6771,4,2
6772,6,2
6773,3,2
6774,8,2
6775,8,2
6776,5,2
6777,4,2
6778,4,1
6779,8,1
6780,2,1
6781,4,1
6782,6,1
6783,4,1
6784,2,1
6785,2,1
6786,3,1
6787,3,1
6788,4,1
6789,3,2
6790,4,2
6791,2,2
6792,3,2
6793,3,2
6794,3,2
6795,4,2
6796,6,2
6797,2,2
6798,2,2
6799,2,2
6800,3,2
6801,1,2
6802,4,2
6803,1,2
6804,5,2
6805,3,2
6806,3,2
6807,2,2
6808,2,2
6809,3,2
6810,5,2
6811,1,2
6812,2,2
6813,2,2
6814,5,2
6815,5,2
6816,4,1
6817,5,1
6818,2,1
6819,6,1
6820,5,1
6821,8,1
6822,2,1
6823,9,1
6824,4,1
6825,7,1
6826,6,1
6827,2,1
6828,4,1
6829,1,1
6830,3,1
6831,3,1
6832,3,1
6833,3,1
6834,3,2
6835,6,2
6836,1,2
6837,4,2
6838,3,2
6839,2,2
6840,10,2
6841,4,2
6842,2,2
6843,1,2
6844,6,2
6845,5,2
6846,2,2
6847,4,2
6848,14,2
6849,5,2
6850,4,2
6851,2,2
6852,1,2
6853,8,2
6854,4,2
6855,2,2
6856,3,1
6857,4,1
6858,2,1
6859,8,1
6860,9,1
6861,5,1
6862,3,2
6863,2,2
6864,15,2
6865,4,2
6866,10,2
6867,3,2
6868,6,2
6869,2,2
6870,1,2
6871,7,2
6872,4,2
6873,3,2
6874,3,2
6875,3,2
6876,5,2
6877,4,2
6878,2,2
6879,7,2
6880,2,2
6881,3,2
6882,1,2
6883,2,2
6884,3,2
6885,2,2
6886,2,2
6887,1,2
6888,6,2
6889,9,2
6890,1,2
6891,5,2
6892,8,2
6893,1,2
6894,3,2
6895,2,2
6896,5,2
6897,3,2
6898,3,2
6899,3,2
6900,2,2
6901,3,2
6902,5,2
6903,11,2
6904,3,2
6905,7,2
6906,7,2
6907,2,2
6908,2,2
6909,1,2
6910,1,2
6911,2,2
6912,4,2
6913,2,2
6914,6,2
6915,2,2
6916,8,2
6917,8,2
6918,2,2
6919,2,2
6920,8,2
6921,4,2
6922,15,2
6923,3,2
6924,5,1
6925,1,2
6926,9,2
6927,9,2
6928,13,2
6929,4,2
6930,5,2
6931,1,2
6932,2,2
6933,1,2
6934,1,2
6935,2,2
6936,1,2
6937,1,2
6938,5,2
6939,9,2
6940,6,2
6941,2,2
6942,1,2
6943,6,2
6944,9,2
6945,8,2
6946,4,2
6947,5,2
6948,5,2
6949,5,2
6950,2,2
6951,9,2
6952,2,2
6953,4,2
6954,2,2
6955,5,2
6956,2,2
6957,2,2
6958,1,2
6959,3,2
6960,12,2
6961,3,2
6962,7,2
6963,5,2
6964,2,2
6965,3,2
6966,9,2
6967,3,2
6968,4,2
6969,2,2
6970,13,2
6971,3,2
6972,2,2
6973,6,2
6974,1,2
6975,2,2
6976,3,2
6977,3,2
6978,2,2
6979,3,2
6980,2,2
6981,5,2
6982,11,2
6983,6,2
6984,3,2
6985,8,2
6986,1,2
6987,8,2
6988,4,2
6989,2,2
6990,1,2
6991,2,2
6992,1,2
6993,3,2
6994,2,2
6995,1,2
6996,2,2
6997,1,2
6998,2,2
6999,6,2
7000,5,2
7001,14,2
7002,4,2
7003,9,2
7004,2,2
7005,7,2
7006,1,2
7007,1,2
7008,2,2
7009,17,2
7010,6,2
7011,3,2
7012,4,2
7013,9,2
7014,7,2
7015,3,2
7016,7,2
7017,2,2
7018,17,2
7019,2,2
7020,1,2
7021,7,1
7022,3,1
7023,5,1
7024,4,1
7025,12,1
7026,2,2
7027,6,2
7028,1,1
7029,5,1
7030,4,1
7031,1,1
7032,13,1
7033,4,1
7034,4,1
7035,3,1
7036,2,1
7037,1,1
7038,2,1
7039,3,2
7040,3,2
7041,2,2
7042,5,2
7043,7,2
7044,7,2
7045,7,2
7046,2,2
7047,1,2
7048,3,2
7049,1,2
7050,2,2
7051,2,2
7052,4,2
7053,2,2
7054,2,2
7055,2,2
7056,12,2
7057,7,2
7058,4,2
7059,5,2
7060,21,2
7061,7,2
7062,14,2
7063,5,2
7064,2,2
7065,1,2
7066,8,2
7067,1,2
7068,1,2
7069,7,2
7070,4,2
7071,9,2
7072,3,2
7073,12,2
7074,7,2
7075,7,2
7076,2,2
7077,7,2
7078,5,2
7079,4,2
7080,5,2
7081,5,2
7082,2,2
7083,3,2
7084,4,2
7085,1,2
7086,4,2
7087,1,2
7088,2,2
7089,7,2
7090,1,2
7091,5,2
7092,5,2
7093,1,2
7094,5,2
7095,4,2
7096,10,2
7097,4,2
7098,5,2
7099,1,2
7100,1,2
7101,4,2
7102,1,2
7103,4,2
7104,2,2
7105,4,2
7106,1,2
7107,2,2
7108,2,2
7109,1,2
7110,1,2
7111,4,2
7112,2,2
7113,2,2
7114,2,2
7115,5,2
7116,1,2
7117,4,2
7118,1,2
7119,1,2
7120,4,2
7121,2,2
7122,1,2
7123,2,2
7124,1,2
7125,5,2
7126,2,2
7127,2,2
7128,2,2
7129,2,2
7130,2,2
7131,11,2
7132,2,2
7133,5,2
7134,2,2
7135,1,2
7136,5,2
7137,6,2
7138,11,2
7139,7,2
7140,27,2
7141,3,2
7142,2,2
7143,2,2
7144,3,2
7145,1,1
7146,6,1
7147,2,1
7148,1,1
7149,1,1
7150,5,1
7151,1,1
7152,7,2
7153,2,2
7154,1,2
7155,2,2
7156,4,2
7157,8,2
7158,9,2
7159,2,2
7160,11,2
7161,13,2
7162,2,2
7163,4,2
7164,6,2
7165,3,2
7166,9,2
7167,3,2
7168,3,2
7169,9,2
7170,1,2
7171,4,2
7172,3,2
7173,7,2
7174,4,2
7175,2,2
7176,13,2
7177,2,2
7178,5,2
7179,3,2
7180,1,2
7181,1,2
7182,2,2
7183,3,2
7184,2,2
7185,9,2
7186,8,2
7187,2,2
7188,2,2
7189,1,2
7190,4,2
7191,3,2
7192,3,2
7193,3,2
7194,5,2
7195,4,2
7196,11,2
7197,4,2
7198,7,2
7199,3,2
7200,9,2
7201,5,2
7202,2,2
7203,1,2
7204,5,2
7205,4,2
7206,3,2
7207,4,2
7208,2,2
7209,3,2
7210,4,2
7211,2,2
7212,3,2
7213,10,2
7214,3,2
7215,10,2
7216,1,2
7217,12,2
7218,1,2
7219,2,2
7220,5,2
7221,8,2
7222,3,2
7223,1,2
7224,7,2
7225,2,2
7226,3,2
7227,4,2
7228,1,2
7229,12,2
7230,2,2
7231,3,2
7232,2,2
7233,5,2
7234,1,1
7235,3,1
7236,2,1
7237,1,1
7238,8,2
7239,4,2
7240,4,2
7241,3,2
7242,2,2
7243,2,2
7244,2,2
7245,1,2
7246,3,2
7247,6,2
7248,1,2
7249,10,2
7250,7,2
7251,1,2
7252,4,2
7253,12,2
7254,1,2
7255,3,2
7256,1,2
7257,6,2
7258,2,2
7259,2,2
7260,5,2
7261,4,2
7262,2,2
7263,2,2
7264,5,2
7265,3,2
7266,2,2
7267,3,2
7268,10,2
7269,4,2
7270,1,2
7271,2,2
7272,3,2
7273,1,2
7274,4,2
7275,1,2
7276,2,2
7277,12,2
7278,2,2
7279,2,2
7280,13,2
7281,1,2
7282,1,2
7283,4,2
7284,1,2
7285,2,2
7286,2,2
7287,9,2
7288,2,2
7289,3,2
7290,6,2
7291,7,2
7292,7,2
7293,4,2
7294,4,2
7295,4,2
7296,3,2
7297,5,2
7298,4,2
7299,3,2
7300,2,2
7301,16,2
7302,4,2
7303,1,2
7304,5,2
7305,4,2
7306,6,2
7307,7,2
7308,2,2
7309,1,2
7310,4,2
7311,1,1
7312,6,1
7313,13,2
7314,3,2
7315,3,2
7316,7,2
7317,11,2
7318,11,2
7319,2,2
7320,21,2
7321,11,2
7322,5,2
7323,3,2
7324,6,2
7325,6,2
7326,6,2
7327,4,2
7328,4,2
7329,2,2
7330,2,2
7331,4,2
7332,7,2
7333,2,2
7334,5,2
7335,3,2
7336,3,2
7337,5,2
7338,3,2
7339,1,2
7340,5,2
7341,1,2
7342,5,2
7343,5,2
7344,4,2
7345,2,2
7346,3,2
7347,4,1
7348,10,1
7349,2,1
7350,2,1
7351,4,1
7352,1,1
7353,4,1
7354,5,2
7355,2,2
7356,5,2
7357,2,2
7358,11,2
7359,2,2
7360,2,2
7361,2,2
7362,2,2
7363,3,2
7364,1,2
7365,2,2
7366,2,2
7367,4,2
7368,7,2
7369,4,2
7370,1,2
7371,2,2
7372,8,2
7373,11,2
7374,2,2
7375,1,2
7376,5,2
7377,6,1
7378,4,1
7379,1,1
7380,5,1
7381,1,1
7382,1,1
7383,7,1
7384,2,1
7385,8,1
7386,8,1
7387,2,1
7388,2,1
7389,1,1
7390,1,1
7391,1,1
7392,2,1
7393,2,1
7394,3,1
7395,7,2
7396,2,2
7397,4,2
7398,1,2
7399,2,2
7400,7,2
7401,2,1
7402,6,1
7403,4,1
7404,2,1
7405,2,1
7406,3,2
7407,9,2
7408,7,2
7409,2,2
7410,1,2
7411,1,2
7412,2,2
7413,10,2
7414,3,1
7415,1,1
7416,4,1
7417,3,1
7418,10,1
7419,3,2
7420,7,2
7421,7,1
7422,3,2
7423,4,2
7424,12,2
7425,3,2
7426,4,2
7427,2,2
7428,2,2
7429,6,2
7430,1,2
7431,4,2
7432,3,2
7433,2,2
7434,3,2
7435,5,2
7436,2,2
7437,2,2
7438,4,2
7439,5,2
7440,7,2
7441,20,2
7442,8,2
7443,9,2
7444,3,2
7445,5,2
7446,2,2
7447,3,2
7448,1,2
7449,11,2
7450,2,2
7451,1,2
7452,1,2
7453,1,2
7454,3,2
7455,8,2
7456,2,2
7457,3,2
7458,3,2
7459,2,2
7460,1,2
7461,9,2
7462,1,2
7463,1,2
7464,12,2
7465,2,2
7466,9,2
7467,2,2
7468,5,2
7469,1,2
7470,4,2
7471,4,2
7472,4,2
7473,10,2
7474,2,2
7475,2,2
7476,5,2
7477,3,2
7478,2,2
7479,3,2
7480,2,2
7481,6,2
7482,3,2
7483,2,2
7484,16,1
7485,2,1
7486,3,2
7487,8,2
7488,1,2
7489,2,2
7490,1,2
7491,5,2
7492,2,2
7493,2,2
7494,2,2
7495,2,2
7496,2,2
7497,4,2
7498,3,2
7499,1,2
7500,7,2
7501,4,2
7502,2,2
7503,5,2
7504,22,2
7505,5,2
7506,1,2
7507,8,2
7508,1,2
7509,3,2
7510,3,2
7511,1,2
7512,2,2
7513,4,2
7514,4,2
7515,4,2
7516,3,2
7517,2,2
7518,2,2
7519,2,2
7520,3,2
7521,1,2
7522,2,2
7523,1,2
7524,2,2
7525,1,2
7526,7,2
7527,4,2
7528,6,2
7529,2,2
7530,4,2
7531,2,2
7532,1,2
7533,3,2
7534,8,2
7535,3,2
7536,3,2
7537,3,2
7538,6,2
7539,8,2
7540,1,2
7541,2,2
7542,3,2
7543,1,2
7544,1,2
7545,6,2
7546,3,2
7547,2,2
7548,5,2
7549,6,2
7550,5,2
7551,6,2
7552,7,2
7553,6,2
7554,5,2
7555,4,2
7556,3,2
7557,1,2
7558,2,2
7559,10,2
7560,1,2
7561,1,2
7562,2,2
7563,1,2
7564,3,2
7565,3,2
7566,3,2
7567,2,2
7568,8,2
7569,2,2
7570,3,2
7571,5,2
7572,15,2
7573,3,2
7574,6,2
7575,4,2
7576,1,2
7577,5,2
7578,2,2
7579,3,2
7580,5,2
7581,20,2
7582,6,2
7583,5,1
7584,7,2
7585,7,2
7586,2,2
7587,4,2
7588,2,2
7589,1,2
7590,3,2
7591,5,2
7592,2,2
7593,1,2
7594,4,2
7595,6,2
7596,2,2
7597,2,2
7598,6,2
7599,6,2
7600,3,2
7601,3,2
7602,1,2
7603,2,2
7604,2,2
7605,1,2
7606,7,2
7607,5,2
7608,3,2
7609,7,2
7610,1,2
7611,2,2
7612,1,2
7613,4,2
7614,7,2
7615,3,2
7616,3,2
7617,2,2
7618,4,2
7619,3,2
7620,5,2
7621,1,2
7622,2,2
7623,1,2
7624,3,2
7625,2,2
7626,3,2
7627,4,2
7628,1,2
7629,4,2
7630,2,2
7631,3,2
7632,4,2
7633,2,2
7634,3,2
7635,2,2
7636,2,2
7637,2,2
7638,4,2
7639,3,2
7640,3,2
7641,2,2
7642,5,2
7643,3,2
7644,1,2
7645,5,2
7646,4,2
7647,5,2
7648,7,2
7649,11,2
7650,3,2
7651,4,2
7652,10,2
7653,5,2
7654,5,2
7655,8,2
7656,8,2
7657,3,2
7658,4,2
7659,2,2
7660,1,2
7661,4,2
7662,4,2
7663,2,2
7664,8,2
7665,4,2
7666,8,2
7667,4,2
7668,2,2
7669,3,2
7670,4,1
7671,9,1
7672,3,1
7673,2,1
7674,3,1
7675,2,1
7676,6,2
7677,2,2
7678,6,2
7679,4,1
7680,2,2
7681,1,2
7682,1,2
7683,2,2
7684,3,2
7685,1,2
7686,11,2
7687,4,2
7688,2,2
7689,4,2
7690,1,2
7691,9,2
7692,8,2
7693,6,2
7694,8,2
7695,9,2
7696,2,2
7697,1,2
7698,6,2
7699,7,2
7700,14,2
7701,2,2
7702,3,2
7703,3,2
7704,3,2
7705,19,2
7706,1,2
7707,4,2
7708,3,2
7709,2,2
7710,2,2
7711,1,2
7712,3,1
7713,5,1
7714,4,1
7715,3,1
7716,3,1
7717,7,2
7718,1,2
7719,2,2
7720,3,2
7721,3,2
7722,10,2
7723,4,2
7724,1,2
7725,2,2
7726,8,2
7727,4,2
7728,2,2
7729,4,2
7730,3,2
7731,2,2
7732,2,2
7733,10,2
7734,3,2
7735,2,2
7736,3,2
7737,2,2
7738,6,2
7739,2,2
7740,2,2
7741,6,2
7742,3,2
7743,11,2
7744,2,2
7745,4,2
7746,4,2
7747,2,2
7748,3,2
7749,2,2
7750,2,2
7751,10,2
7752,1,2
7753,4,2
7754,5,2
7755,6,2
7756,1,2
7757,16,2
7758,2,2
7759,3,2
7760,2,2
7761,3,2
7762,3,2
7763,2,2
7764,3,2
7765,2,2
7766,2,2
7767,9,2
7768,2,2
7769,6,2
7770,3,2
7771,4,2
7772,6,2
7773,2,2
7774,3,2
7775,1,2
7776,8,2
7777,1,2
7778,2,2
7779,1,2
7780,1,2
7781,4,2
7782,4,2
7783,1,2
7784,3,2
7785,9,2
7786,3,2
7787,9,2
7788,4,2
7789,3,2
7790,3,2
7791,4,2
7792,2,2
7793,2,2
7794,3,2
7795,10,2
7796,3,2
7797,2,2
7798,2,2
7799,19,2
7800,1,2
7801,4,2
7802,3,2
7803,13,2
7804,9,2
7805,2,2
7806,6,2
7807,2,2
7808,11,2
7809,8,2
7810,2,2
7811,2,2
7812,8,2
7813,2,2
7814,2,2
7815,6,2
7816,6,2
7817,5,2
7818,4,2
7819,3,2
7820,2,2
7821,3,2
7822,4,2
7823,1,2
7824,1,2
7825,3,2
7826,2,2
7827,2,2
7828,2,2
7829,18,2
7830,4,2
7831,4,2
7832,1,2
7833,1,2
7834,4,2
7835,17,2
7836,1,2
7837,6,2
7838,7,2
7839,2,2
7840,7,2
7841,6,2
7842,7,2
7843,4,2
7844,8,2
7845,11,2
7846,9,2
7847,8,2
7848,6,2
7849,6,2
7850,3,2
7851,2,2
7852,5,2
7853,2,2
7854,13,2
7855,8,2
7856,4,2
7857,13,2
7858,6,2
7859,1,2
7860,2,2
7861,6,2
7862,7,2
7863,6,2
7864,1,2
7865,5,2
7866,1,1
7867,3,1
7868,5,1
7869,3,2
7870,8,2
7871,3,2
7872,3,2
7873,5,2
7874,6,2
7875,1,2
7876,9,2
7877,4,2
7878,7,2
7879,8,2
7880,1,2
7881,6,2
7882,10,2
7883,3,2
7884,3,2
7885,2,2
7886,2,2
7887,2,2
7888,4,2
7889,4,2
7890,1,1
7891,2,1
7892,5,1
7893,12,1
7894,5,1
7895,2,2
7896,3,2
7897,2,2
7898,3,2
7899,5,2
7900,3,2
7901,2,2
7902,4,2
7903,3,2
7904,2,2
7905,9,2
7906,6,2
7907,6,2
7908,5,2
7909,2,2
7910,7,2
7911,4,2
7912,4,2
7913,16,2
7914,5,2
7915,5,2
7916,5,2
7917,3,2
7918,3,2
7919,7,2
7920,6,2
7921,2,2
7922,8,2
7923,2,2
7924,6,2
7925,2,2
7926,5,2
7927,1,2
7928,5,2
7929,4,2
7930,1,2
7931,6,2
7932,1,2
7933,2,2
7934,3,2
7935,1,2
7936,4,2
7937,4,2
7938,4,2
7939,2,2
7940,2,2
7941,3,2
7942,2,2
7943,3,2
7944,2,2
7945,3,2
7946,4,2
7947,2,2
7948,11,2
7949,2,2
7950,1,2
7951,2,2
7952,4,2
7953,2,2
7954,1,2
7955,12,1
7956,2,1
7957,2,1
7958,2,1
7959,3,1
7960,2,1
7961,1,1
7962,3,1
7963,5,1
7964,2,1
7965,2,1
7966,5,1
7967,4,1
7968,6,1
7969,6,1
7970,2,2
7971,9,2
7972,1,2
7973,1,2
7974,2,2
7975,9,2
7976,1,2
7977,8,2
7978,4,2
7979,4,2
7980,5,2
7981,5,2
7982,7,2
7983,1,2
7984,1,2
7985,2,1
7986,4,1
7987,5,1
7988,3,2
7989,1,2
7990,3,2
7991,1,2
7992,1,2
7993,4,2
7994,2,2
7995,4,2
7996,12,2
7997,21,2
7998,4,2
7999,1,2
8000,1,2
8001,4,2
8002,10,2
8003,14,2
8004,2,2
8005,3,2
8006,4,2
8007,1,2
8008,3,2
8009,14,2
8010,6,1
8011,3,1
8012,2,1
8013,2,1
8014,2,1
8015,2,1
8016,11,2
8017,2,2
8018,3,2
8019,2,2
8020,5,2
8021,2,2
8022,1,2
8023,3,2
8024,7,2
8025,6,2
8026,1,2
8027,1,2
8028,4,2
8029,4,2
8030,2,2
8031,2,2
8032,3,1
8033,8,1
8034,1,1
8035,1,1
8036,5,2
8037,4,2
8038,2,2
8039,2,2
8040,2,2
8041,2,2
8042,2,2
8043,1,2
8044,5,2
8045,2,2
8046,5,2
8047,3,2
8048,2,2
8049,3,2
8050,2,2
8051,2,2
8052,2,2
8053,2,2
8054,3,2
8055,12,2
8056,3,2
8057,5,2
8058,6,2
8059,1,2
8060,1,2
8061,1,2
8062,5,2
8063,1,2
8064,2,2
8065,1,2
8066,5,2
8067,2,2
8068,5,1
8069,4,2
8070,2,2
8071,1,2
8072,4,2
8073,3,2
8074,1,2
8075,4,2
8076,2,2
8077,4,2
8078,3,2
8079,2,2
8080,9,2
8081,2,2
8082,4,2
8083,4,2
8084,3,2
8085,2,2
8086,3,2
8087,2,2
8088,10,2
8089,3,2
8090,1,2
8091,9,2
8092,6,2
8093,4,2
8094,8,2
8095,6,2
8096,7,2
8097,4,2
8098,9,2
8099,9,2
8100,1,2
8101,10,2
8102,2,2
8103,1,2
8104,2,2
8105,8,2
8106,2,2
8107,1,2
8108,2,2
8109,2,2
8110,2,2
8111,4,2
8112,8,2
8113,8,2
8114,3,2
8115,4,2
8116,16,2
8117,1,2
8118,2,2
8119,3,2
8120,2,2
8121,5,2
8122,2,2
8123,4,2
8124,4,2
8125,4,2
8126,1,2
8127,7,2
8128,2,2
8129,10,2
8130,1,2
8131,2,2
8132,3,2
8133,5,2
8134,2,2
8135,3,2
8136,2,2
8137,19,2
8138,2,2
8139,5,2
8140,4,2
8141,6,2
8142,1,2
8143,1,2
8144,2,2
8145,5,2
8146,1,2
8147,1,2
8148,14,2
8149,3,2
8150,6,2
8151,1,2
8152,2,2
8153,1,2
8154,2,2
8155,2,2
8156,6,2
8157,13,2
8158,1,2
8159,7,2
8160,3,2
8161,5,2
8162,2,2
8163,8,2
8164,7,2
8165,12,2
8166,2,2
8167,5,2
8168,5,2
8169,6,2
8170,1,2
8171,3,2
8172,1,2
8173,3,2
8174,5,2
8175,4,2
8176,3,1
8177,5,1
8178,5,1
8179,4,1
8180,4,2
8181,9,2
8182,3,2
8183,1,2
8184,4,2
8185,2,2
8186,2,2
8187,3,2
8188,6,2
8189,3,2
8190,5,2
8191,4,2
8192,5,2
8193,3,2
8194,7,2
8195,3,2
8196,3,2
8197,2,2
8198,6,2
8199,2,2
8200,9,2
8201,2,2
8202,2,2
8203,4,2
8204,2,2
8205,1,2
8206,4,2
8207,7,2
8208,1,2
8209,1,2
8210,3,2
8211,4,2
8212,1,2
8213,12,2
8214,3,2
8215,3,2
8216,2,2
8217,3,2
8218,4,2
8219,1,2
8220,9,2
8221,3,2
8222,2,2
8223,1,2
8224,2,2
8225,3,2
8226,5,2
8227,6,2
8228,1,2
8229,3,2
8230,2,2
8231,2,2
8232,2,2
8233,2,2
8234,10,2
8235,1,2
8236,9,2
8237,11,2
8238,6,2
8239,7,2
8240,2,2
8241,4,2
8242,4,2
8243,6,2
8244,2,2
8245,3,2
8246,1,2
8247,9,2
8248,3,2
8249,8,2
8250,4,2
8251,1,2
8252,8,2
8253,5,2
8254,3,2
8255,8,2
8256,13,2
8257,2,2
8258,5,2
8259,5,2
8260,7,2
8261,2,2
8262,1,2
8263,1,2
8264,1,2
8265,13,2
8266,2,2
8267,2,2
8268,4,2
8269,1,2
8270,5,2
8271,15,2
8272,3,2
8273,2,2
8274,3,2
8275,1,2
8276,2,2
8277,2,2
8278,3,2
8279,6,2
8280,4,2
8281,4,2
8282,2,2
8283,4,2
8284,3,2
8285,7,2
8286,2,2
8287,7,2
8288,2,2
8289,1,2
8290,1,2
8291,4,2
8292,13,2
8293,10,2
8294,2,2
8295,11,2
8296,1,2
8297,1,2
8298,8,2
8299,6,2
8300,3,2
8301,4,2
8302,4,2
8303,1,2
8304,4,2
8305,3,2
8306,3,2
8307,2,2
8308,3,2
8309,1,2
8310,8,2
8311,2,2
8312,2,2
8313,4,2
8314,4,2
8315,2,2
8316,6,2
8317,2,2
8318,6,2
8319,1,2
8320,2,2
8321,6,2
8322,3,2
8323,1,2
8324,3,2
8325,7,2
8326,3,2
8327,2,2
8328,5,2
8329,1,2
8330,4,2
8331,4,2
8332,13,2
8333,2,2
8334,7,2
8335,3,2
8336,4,2
8337,8,2
8338,19,2
8339,7,2
8340,6,2
8341,15,2
8342,2,2
8343,10,2
8344,6,2
8345,2,2
8346,6,2
8347,6,2
8348,4,2
8349,6,2
8350,1,2
8351,4,2
8352,4,2
8353,3,2
8354,3,2
8355,2,2
8356,4,2
8357,2,2
8358,1,2
8359,2,2
8360,9,2
8361,5,2
8362,2,2
8363,5,2
8364,8,2
8365,4,2
8366,1,2
8367,1,2
8368,5,2
8369,4,2
8370,2,2
8371,3,2
8372,2,2
8373,9,2
8374,5,2
8375,1,2
8376,6,2
8377,1,2
8378,3,2
8379,5,2
8380,1,2
8381,3,2
8382,9,2
8383,1,2
8384,3,2
8385,6,2
8386,2,2
8387,2,2
8388,6,2
8389,5,2
8390,2,2
8391,2,2
8392,2,2
8393,4,2
8394,2,2
8395,7,2
8396,3,2
8397,1,2
8398,7,2
8399,2,2
8400,2,2
8401,4,2
8402,7,2
8403,8,2
8404,5,2
8405,3,2
8406,2,2
8407,2,2
8408,2,2
8409,2,2
8410,3,2
8411,10,2
8412,3,2
8413,5,2
8414,1,2
8415,3,2
8416,9,2
8417,9,2
8418,1,2
8419,9,2
8420,2,2
8421,1,2
8422,2,2
8423,2,2
8424,8,2
8425,9,2
8426,1,2
8427,5,2
8428,6,2
8429,3,2
8430,6,2
8431,9,2
8432,1,2
8433,3,2
8434,5,2
8435,4,2
8436,7,2
8437,1,2
8438,3,2
8439,5,2
8440,3,2
8441,3,2
8442,8,2
8443,5,2
8444,2,2
8445,2,2
8446,5,2
8447,5,1
8448,2,1
8449,1,2
8450,1,2
8451,3,2
8452,3,2
8453,3,2
8454,3,2
8455,1,2
8456,4,2
8457,1,2
8458,3,2
8459,4,2
8460,4,2
8461,2,2
8462,9,2
8463,1,2
8464,5,2
8465,2,2
8466,6,2
8467,2,2
8468,3,2
8469,2,2
8470,3,2
8471,2,1
8472,3,1
8473,5,1
8474,2,1
8475,6,1
8476,6,1
8477,5,1
8478,5,1
8479,2,1
8480,6,1
8481,3,1
8482,4,1
8483,2,1
8484,13,1
8485,6,1
8486,2,1
8487,5,1
8488,6,1
8489,4,1
8490,11,1
8491,2,1
8492,12,1
8493,3,1
8494,6,1
8495,3,2
8496,5,2
8497,4,1
8498,1,1
8499,2,1
8500,1,2
8501,4,2
8502,3,2
8503,4,2
8504,7,2
8505,2,2
8506,5,2
8507,2,2
8508,12,2
8509,20,2
8510,2,1
8511,3,1
8512,1,1
8513,4,1
8514,2,1
8515,6,2
8516,1,2
8517,6,2
8518,1,2
8519,3,2
8520,1,2
8521,1,2
8522,2,2
8523,2,2
8524,2,2
8525,1,2
8526,3,2
8527,2,2
8528,5,2
8529,4,2
8530,11,2
8531,10,2
8532,6,2
8533,7,2
8534,4,2
8535,3,2
8536,3,2
8537,7,2
8538,1,2
8539,2,2
8540,2,2
8541,11,2
8542,1,2
8543,6,2
8544,3,2
8545,2,2
8546,8,2
8547,2,2
8548,4,2
8549,1,2
8550,4,2
8551,6,2
8552,4,2
8553,7,2
8554,5,2
8555,10,2
8556,8,2
8557,2,2
8558,3,2
8559,2,2
8560,1,2
8561,5,2
8562,8,2
8563,6,2
8564,10,2
8565,4,2
8566,3,1
8567,2,2
8568,1,2
8569,2,2
8570,4,2
8571,2,2
8572,3,2
8573,2,2
8574,5,2
8575,4,2
8576,10,2
8577,1,2
8578,1,2
8579,3,2
8580,3,2
8581,2,2
8582,1,2
8583,5,2
8584,3,2
8585,3,2
8586,2,2
8587,3,2
8588,1,2
8589,5,2
8590,2,2
8591,1,2
8592,8,2
8593,3,2
8594,2,2
8595,3,2
8596,2,2
8597,4,2
8598,16,2
8599,1,2
8600,7,2
8601,3,2
8602,3,2
8603,7,2
8604,9,2
8605,3,2
8606,1,2
8607,11,2
8608,5,2
8609,3,2
8610,4,2
8611,8,2
8612,2,2
8613,4,2
8614,1,2
8615,1,2
8616,6,2
8617,13,2
8618,9,2
8619,11,2
8620,2,2
8621,6,2
8622,2,2
8623,4,2
8624,2,2
8625,3,2
8626,4,2
8627,1,2
8628,3,2
8629,1,2
8630,3,2
8631,7,2
8632,3,2
8633,2,2
8634,18,2
8635,1,2
8636,6,2
8637,2,2
8638,2,2
8639,1,2
8640,6,2
8641,2,2
8642,7,2
8643,3,2
8644,3,2
8645,10,2
8646,8,2
8647,4,2
8648,4,2
8649,10,2
8650,11,2
8651,2,1
8652,3,1
8653,11,1
8654,3,1
8655,2,1
8656,4,1
8657,23,1
8658,6,2
8659,2,2
8660,5,2
8661,3,2
8662,3,2
8663,4,2
8664,8,2
8665,7,2
8666,3,2
8667,2,2
8668,3,2
8669,2,2
8670,8,2
8671,1,2
8672,2,2
8673,1,2
8674,2,2
8675,2,2
8676,1,2
8677,3,2
8678,2,2
8679,5,2
8680,3,2
8681,8,2
8682,3,2
8683,3,2
8684,4,2
8685,8,2
8686,1,2
8687,1,2
8688,2,2
8689,6,2
8690,5,2
8691,1,2
8692,3,2
8693,5,2
8694,1,2
8695,2,2
8696,1,2
8697,3,2
8698,4,1
8699,9,1
8700,7,1
8701,5,1
8702,2,2
8703,11,2
8704,4,2
8705,4,2
8706,7,2
8707,5,2
8708,15,2
8709,2,2
8710,3,2
8711,5,2
8712,3,2
8713,1,1
8714,2,2
8715,1,2
8716,4,2
8717,10,2
8718,1,2
8719,1,2
8720,2,2
8721,12,2
8722,2,2
8723,8,2
8724,2,2
8725,6,2
8726,2,2
8727,3,2
8728,3,2
8729,3,2
8730,2,2
8731,5,2
8732,2,2
8733,2,2
8734,2,2
8735,2,2
8736,1,2
8737,2,2
8738,2,2
8739,3,2
8740,2,2
8741,4,2
8742,2,2
8743,2,2
8744,9,2
8745,3,2
8746,4,2
8747,5,2
8748,4,2
8749,36,2
8750,2,2
8751,18,2
8752,10,2
8753,5,2
8754,10,2
8755,4,2
8756,4,2
8757,6,2
8758,2,2
8759,11,2
8760,7,2
8761,7,1
8762,4,1
8763,8,1
8764,5,2
8765,7,2
8766,4,2
8767,2,2
8768,3,2
8769,5,2
8770,2,2
8771,2,2
8772,4,2
8773,4,2
8774,1,2
8775,8,2
8776,3,2
8777,6,2
8778,6,2
8779,3,2
8780,3,2
8781,3,2
8782,4,2
8783,2,2
8784,1,2
8785,2,2
8786,3,2
8787,1,2
8788,7,2
8789,8,2
8790,3,2
8791,4,2
8792,5,2
8793,1,2
8794,3,2
8795,3,2
8796,2,2
8797,6,2
8798,2,2
8799,2,2
8800,2,2
8801,2,2
8802,1,2
8803,24,2
8804,3,1
8805,2,1
8806,4,1
8807,1,1
8808,4,1
8809,2,1
8810,2,1
8811,4,1
8812,5,2
8813,1,2
8814,1,2
8815,6,2
8816,1,2
8817,7,2
8818,2,2
8819,3,2
8820,7,2
8821,6,2
8822,2,2
8823,5,2
8824,4,2
8825,6,2
8826,1,2
8827,4,2
8828,10,2
8829,5,2
8830,3,2
8831,2,2
8832,2,2
8833,2,2
8834,2,2
8835,7,2
8836,2,2
8837,6,2
8838,2,2
8839,8,2
8840,3,2
8841,3,2
8842,2,2
8843,4,2
8844,2,2
8845,3,2
8846,2,2
8847,1,2
8848,2,2
8849,4,2
8850,4,2
8851,2,2
8852,1,2
8853,1,2
8854,5,2
8855,3,2
8856,7,2
8857,2,2
8858,3,2
8859,2,2
8860,3,2
8861,4,2
8862,3,2
8863,10,2
8864,3,2
8865,3,2
8866,3,2
8867,2,2
8868,3,2
8869,2,2
8870,2,2
8871,2,2
8872,4,2
8873,2,2
8874,1,2
8875,13,2
8876,2,2
8877,2,2
8878,3,2
8879,9,2
8880,3,2
8881,2,2
8882,3,2
8883,7,2
8884,16,2
8885,6,2
8886,14,2
8887,3,2
8888,3,2
8889,5,2
8890,4,2
8891,2,2
8892,4,2
8893,5,2
8894,2,2
8895,7,2
8896,3,2
8897,2,2
8898,14,2
8899,6,2
8900,4,2
8901,5,2
8902,1,2
8903,6,2
8904,8,2
8905,2,2
8906,10,2
8907,1,2
8908,1,2
8909,3,2
8910,1,2
8911,5,2
8912,2,2
8913,3,2
8914,2,2
8915,4,2
8916,14,2
8917,4,2
8918,2,2
8919,5,2
8920,3,2
8921,1,2
8922,6,2
8923,1,2
8924,4,2
8925,4,2
8926,7,2
8927,7,2
8928,2,2
8929,2,2
8930,13,2
8931,3,2
8932,6,2
8933,3,2
8934,13,2
8935,11,2
8936,14,2
8937,3,2
8938,1,2
8939,7,2
8940,4,1
8941,1,1
8942,3,1
8943,4,1
8944,10,1
8945,2,1
8946,5,1
8947,2,1
8948,5,2
8949,7,2
8950,9,2
8951,7,2
8952,8,2
8953,3,2
8954,3,2
8955,1,2
8956,15,2
8957,1,2
8958,2,2
8959,3,2
8960,7,2
8961,2,2
8962,2,2
8963,7,2
8964,13,2
8965,1,2
8966,7,2
8967,5,2
8968,4,2
8969,2,2
8970,2,2
8971,5,2
8972,9,2
8973,1,2
8974,1,2
8975,8,2
8976,3,2
8977,4,2
8978,6,2
8979,5,2
8980,2,2
8981,2,2
8982,1,2
8983,2,2
8984,1,2
8985,6,2
8986,6,2
8987,4,2
8988,4,2
8989,1,2
8990,4,2
8991,7,2
8992,7,2
8993,2,2
8994,3,2
8995,10,2
8996,2,2
8997,2,2
8998,2,2
8999,3,2
9000,5,2
9001,4,2
9002,2,1
9003,2,2
9004,8,2
9005,2,2
9006,5,2
9007,3,2
9008,2,2
9009,3,2
9010,2,2
9011,1,2
9012,3,2
9013,3,2
9014,12,2
9015,5,2
9016,3,2
9017,7,2
9018,3,2
9019,2,2
9020,2,2
9021,1,2
9022,1,2
9023,6,2
9024,11,2
9025,2,2
9026,1,2
9027,20,2
9028,1,2
9029,2,2
9030,4,2
9031,2,2
9032,3,2
9033,1,2
9034,1,2
9035,4,2
9036,1,2
9037,2,2
9038,2,2
9039,6,2
9040,3,2
9041,4,2
9042,8,2
9043,5,2
9044,5,2
9045,3,2
9046,5,2
9047,4,2
9048,8,2
9049,3,2
9050,2,2
9051,3,2
9052,1,2
9053,5,2
9054,2,2
9055,5,2
9056,2,2
9057,11,2
9058,6,2
9059,1,2
9060,2,2
9061,8,2
9062,4,2
9063,13,2
9064,4,2
9065,10,2
9066,2,2
9067,4,2
9068,4,2
9069,12,2
9070,9,2
9071,5,2
9072,13,2
9073,11,2
9074,6,2
9075,7,2
9076,12,2
9077,3,2
9078,13,2
9079,2,2
9080,2,2
9081,10,2
9082,8,2
9083,4,2
9084,1,2
9085,1,2
9086,8,2
9087,1,2
9088,8,2
9089,6,2
9090,3,2
9091,2,2
9092,1,2
9093,6,2
9094,7,2
9095,2,2
9096,11,2
9097,3,2
9098,4,2
9099,4,2
9100,3,2
9101,2,2
9102,2,2
9103,5,2
9104,2,2
9105,2,2
9106,2,2
9107,1,2
9108,2,2
9109,4,2
9110,6,2
9111,1,2
9112,5,2
9113,6,2
9114,1,2
9115,1,2
9116,4,2
9117,5,2
9118,8,2
9119,4,2
9120,3,2
9121,1,2
9122,4,2
9123,2,2
9124,1,2
9125,8,2
9126,1,2
9127,2,2
9128,3,2
9129,4,2
9130,6,2
9131,4,2
9132,8,2
9133,1,2
9134,5,2
9135,9,2
9136,3,2
9137,9,2
9138,1,2
9139,2,2
9140,3,2
9141,2,2
9142,2,2
9143,14,2
9144,3,2
9145,7,2
9146,2,2
9147,1,2
9148,5,2
9149,4,2
9150,1,2
9151,3,2
9152,1,2
9153,4,2
9154,3,2
9155,6,2
9156,3,2
9157,2,2
9158,2,2
9159,5,2
9160,5,2
9161,5,1
9162,3,1
9163,5,1
9164,2,2
9165,1,2
9166,3,2
9167,4,2
9168,7,2
9169,1,2
9170,3,2
9171,2,2
9172,7,2
9173,1,2
9174,5,2
9175,11,1
9176,5,1
9177,2,1
9178,7,1
9179,2,1
9180,5,1
9181,4,1
9182,4,1
9183,1,1
9184,8,2
9185,6,2
9186,2,2
9187,4,2
9188,4,2
9189,9,2
9190,8,2
9191,8,2
9192,10,2
9193,5,2
9194,3,2
9195,8,2
9196,7,2
9197,1,2
9198,14,2
9199,9,2
9200,1,2
9201,13,2
9202,1,2
9203,2,2
9204,2,2
9205,1,2
9206,4,2
9207,2,2
9208,5,2
9209,1,2
9210,13,2
9211,4,2
9212,2,2
9213,5,2
9214,3,2
9215,1,2
9216,10,2
9217,4,1
9218,8,1
9219,6,1
9220,3,1
9221,7,1
9222,2,1
9223,7,1
9224,3,1
9225,2,1
9226,16,1
9227,4,1
9228,3,1
9229,2,1
9230,13,1
9231,7,1
9232,4,1
9233,1,1
9234,5,1
9235,3,1
9236,2,1
9237,2,1
9238,5,1
9239,1,2
9240,3,2
9241,4,2
9242,6,2
9243,5,2
9244,5,2
9245,5,2
9246,3,2
9247,1,2
9248,1,2
9249,9,2
9250,6,2
9251,3,2
9252,5,2
9253,2,2
9254,9,2
9255,3,2
9256,2,2
9257,7,2
9258,6,2
9259,3,2
9260,6,2
9261,2,2
9262,6,2
9263,2,2
9264,1,2
9265,1,2
9266,3,2
9267,4,2
9268,7,2
9269,2,2
9270,5,2
9271,3,2
9272,3,2
9273,3,2
9274,14,2
9275,2,2
9276,3,2
9277,2,2
9278,2,2
9279,8,2
9280,2,2
9281,1,2
9282,2,2
9283,9,2
9284,3,2
9285,4,2
9286,4,2
9287,2,2
9288,2,2
9289,2,2
9290,4,2
9291,2,2
9292,6,2
9293,4,2
9294,5,2
9295,2,2
9296,1,2
9297,5,2
9298,1,2
9299,4,2
9300,2,2
9301,2,2
9302,2,2
9303,3,2
9304,3,2
9305,5,2
9306,2,2
9307,5,2
9308,7,2
9309,2,2
9310,2,2
9311,1,2
9312,10,2
9313,4,2
9314,2,2
9315,7,2
9316,2,2
9317,4,2
9318,2,2
9319,1,2
9320,5,2
9321,1,2
9322,2,2
9323,4,2
9324,2,2
9325,4,2
9326,2,1
9327,2,1
9328,3,1
9329,4,1
9330,2,1
9331,2,1
9332,2,2
9333,13,2
9334,5,2
9335,3,2
9336,3,2
9337,4,1
9338,3,1
9339,1,1
9340,5,1
9341,2,1
9342,3,1
9343,6,1
9344,2,1
9345,11,1
9346,2,2
9347,3,2
9348,3,2
9349,3,2
9350,4,2
9351,2,2
9352,5,2
9353,1,2
9354,4,2
9355,3,2
9356,9,2
9357,4,2
9358,3,1
9359,2,1
9360,5,1
9361,2,1
9362,2,1
9363,8,1
9364,3,1
9365,2,1
9366,1,1
9367,5,2
9368,2,2
9369,7,2
9370,2,2
9371,5,2
9372,1,2
9373,2,2
9374,2,2
9375,3,2
9376,9,2
9377,1,2
9378,2,2
9379,4,2
9380,3,2
9381,3,2
9382,1,2
9383,7,2
9384,3,2
9385,3,2
9386,5,2
9387,6,2
9388,3,2
9389,3,1
9390,6,1
9391,1,1
9392,10,1
9393,12,1
9394,5,1
9395,6,1
9396,1,1
9397,2,1
9398,2,1
9399,5,1
9400,6,1
9401,5,1
9402,2,1
9403,5,1
9404,8,1
9405,3,1
9406,8,1
9407,1,1
9408,2,2
9409,1,2
9410,4,2
9411,1,2
9412,5,2
9413,2,2
9414,3,2
9415,8,2
9416,10,2
9417,6,2
9418,3,2
9419,5,2
9420,2,2
9421,6,2
9422,9,2
9423,2,2
9424,1,2
9425,4,2
9426,2,2
9427,5,2
9428,8,2
9429,1,2
9430,1,2
9431,1,2
9432,7,2
9433,4,2
9434,2,2
9435,4,2
9436,7,2
9437,1,2
9438,9,2
9439,5,2
9440,2,2
9441,5,2
9442,5,2
9443,2,2
9444,4,2
9445,7,2
9446,2,2
9447,1,2
9448,4,2
9449,3,2
9450,2,2
9451,3,2
9452,6,2
9453,3,2
9454,4,2
9455,4,2
9456,1,2
9457,10,2
9458,6,2
9459,4,2
9460,4,2
9461,3,2
9462,3,2
9463,3,2
9464,2,2
9465,1,2
9466,9,2
9467,2,2
9468,11,2
9469,4,2
9470,6,2
9471,3,2
9472,2,2
9473,1,2
9474,7,2
9475,6,2
9476,3,2
9477,2,2
9478,1,2
9479,2,2
9480,6,2
9481,2,2
9482,3,2
9483,2,2
9484,2,2
9485,4,2
9486,5,2
9487,2,2
9488,3,2
9489,4,2
9490,1,2
9491,2,2
9492,3,2
9493,4,2
9494,1,2
9495,3,2
9496,1,2
9497,4,2
9498,4,2
9499,5,2
9500,3,2
9501,3,2
9502,2,2
9503,5,2
9504,2,2
9505,16,2
9506,11,2
9507,3,2
9508,2,2
9509,1,2
9510,2,2
9511,1,1
9512,2,1
9513,2,1
9514,1,1
9515,5,2
9516,1,2
9517,3,2
9518,4,2
9519,7,2
9520,6,2
9521,9,2
9522,3,2
9523,2,2
9524,6,2
9525,9,2
9526,7,2
9527,2,1
9528,3,2
9529,5,2
9530,5,2
9531,1,2
9532,4,2
9533,10,2
9534,9,2
9535,4,2
9536,7,2
9537,5,2
9538,5,2
9539,6,2
9540,2,2
9541,5,2
9542,2,2
9543,8,2
9544,4,2
9545,1,2
9546,2,1
9547,3,1
9548,3,1
9549,2,2
9550,1,2
9551,5,2
9552,6,1
9553,1,1
9554,3,1
9555,4,1
9556,5,1
9557,12,1
9558,4,1
9559,7,1
9560,9,1
9561,3,1
9562,9,1
9563,5,1
9564,3,1
9565,12,1
9566,3,1
9567,2,1
9568,7,1
9569,1,2
9570,4,2
9571,2,2
9572,6,2
9573,4,2
9574,6,2
9575,1,2
9576,1,2
9577,5,2
9578,5,2
9579,5,2
9580,2,2
9581,3,2
9582,1,2
9583,1,2
9584,2,2
9585,6,2
9586,4,1
9587,5,1
9588,3,1
9589,2,2
9590,2,2
9591,2,2
9592,4,2
9593,2,1
9594,2,1
9595,5,1
9596,8,1
9597,5,1
9598,5,1
9599,6,2
9600,2,2
9601,4,2
9602,8,2
9603,5,2
9604,2,2
9605,4,2
9606,19,2
9607,1,2
9608,9,2
9609,5,2
9610,7,1
9611,2,1
9612,5,1
9613,12,1
9614,5,1
9615,5,2
9616,1,2
9617,3,2
9618,4,2
9619,7,2
9620,9,2
9621,4,2
9622,5,2
9623,1,2
9624,13,2
9625,3,2
9626,1,2
9627,5,2
9628,6,2
9629,2,2
9630,8,2
9631,2,2
9632,2,2
9633,10,2
9634,7,2
9635,2,2
9636,4,2
9637,15,1
9638,3,1
9639,6,1
9640,2,1
9641,6,1
9642,3,1
9643,7,1
9644,4,1
9645,11,1
9646,7,2
9647,5,2
9648,8,2
9649,3,2
9650,2,2
9651,7,2
9652,6,2
9653,2,2
9654,5,2
9655,2,2
9656,7,2
9657,3,2
9658,5,2
9659,1,2
9660,2,2
9661,1,2
9662,2,2
9663,4,2
9664,6,2
9665,4,2
9666,2,2
9667,2,2
9668,8,2
9669,2,2
9670,6,2
9671,2,2
9672,5,2
9673,1,2
9674,2,2
9675,7,2
9676,10,2
9677,1,2
9678,2,2
9679,4,2
9680,2,2
9681,2,2
9682,1,2
9683,1,2
9684,1,2
9685,2,2
9686,2,2
9687,5,2
9688,3,2
9689,2,2
9690,8,2
9691,6,2
9692,3,2
9693,6,1
9694,3,1
9695,6,1
9696,4,1
9697,6,1
9698,2,2
9699,20,2
9700,2,2
9701,7,2
9702,8,2
9703,4,2
9704,2,1
9705,2,2
9706,10,2
9707,3,2
9708,4,2
9709,1,2
9710,1,2
9711,3,2
9712,4,2
9713,8,2
9714,5,2
9715,4,2
9716,2,2
9717,2,2
9718,8,2
9719,3,2
9720,2,2
9721,4,2
9722,2,2
9723,3,2
9724,12,2
9725,1,2
9726,2,2
9727,3,2
9728,3,2
9729,3,2
9730,2,2
9731,11,2
9732,1,2
9733,4,2
9734,8,2
9735,2,2
9736,5,2
9737,9,2
9738,5,2
9739,18,2
9740,2,2
9741,6,2
9742,16,2
9743,5,2
9744,13,2
9745,4,2
9746,1,2
9747,4,2
9748,2,2
9749,8,2
9750,2,2
9751,4,2
9752,3,2
9753,5,2
9754,3,2
9755,3,2
9756,5,2
9757,8,2
9758,10,2
9759,2,2
9760,9,2
9761,2,2
9762,3,2
9763,2,2
9764,2,2
9765,4,2
9766,12,2
9767,2,2
9768,2,2
9769,4,2
9770,4,2
9771,9,2
9772,2,2
9773,8,2
9774,2,2
9775,17,2
9776,12,2
9777,2,2
9778,5,2
9779,6,2
9780,1,2
9781,9,2
9782,3,2
9783,13,2
9784,3,2
9785,5,2
9786,4,2
9787,4,2
9788,7,2
9789,7,2
9790,2,2
9791,8,2
9792,2,2
9793,2,1
9794,1,1
9795,6,1
9796,4,1
9797,3,1
9798,2,2
9799,1,2
9800,3,2
9801,2,2
9802,4,2
9803,4,2
9804,8,2
9805,14,2
9806,4,2
9807,5,2
9808,8,2
9809,2,2
9810,1,2
9811,11,2
9812,3,2
9813,4,2
9814,3,2
9815,8,2
9816,4,2
9817,4,2
9818,7,2
9819,2,2
9820,8,2
9821,4,2
9822,1,2
9823,3,2
9824,2,2
9825,3,2
9826,2,2
9827,6,2
9828,3,2
9829,1,2
9830,1,2
9831,3,2
9832,1,2
9833,8,2
9834,3,2
9835,2,2
9836,8,2
9837,1,2
9838,2,2
9839,3,2
9840,2,2
9841,2,2
9842,2,2
9843,5,2
9844,2,2
9845,1,2
9846,9,2
9847,2,2
9848,2,2
9849,9,2
9850,3,2
9851,1,2
9852,16,2
9853,7,2
9854,4,2
9855,1,2
9856,5,2
9857,2,2
9858,5,2
9859,7,2
9860,7,1
9861,2,1
9862,1,1
9863,3,1
9864,6,1
9865,2,1
9866,1,1
9867,5,1
9868,1,1
9869,4,1
9870,1,1
9871,3,1
9872,2,1
9873,4,1
9874,1,1
9875,6,1
9876,3,1
9877,7,1
9878,3,2
9879,8,2
9880,4,2
9881,1,2
9882,5,2
9883,2,2
9884,3,2
9885,1,2
9886,2,2
9887,4,2
9888,5,2
9889,3,2
9890,2,2
9891,3,2
9892,17,2
9893,6,2
9894,4,2
9895,3,2
9896,11,2
9897,3,2
9898,12,2
9899,6,2
9900,1,2
9901,10,2
9902,1,2
9903,1,2
9904,4,2
9905,6,2
9906,4,2
9907,1,2
9908,5,2
9909,2,2
9910,2,2
9911,4,2
9912,4,2
9913,3,2
9914,3,2
9915,2,2
9916,5,2
9917,1,2
9918,7,2
9919,4,2
9920,10,2
9921,3,2
9922,3,2
9923,2,2
9924,4,2
9925,2,2
9926,9,2
9927,2,2
9928,7,2
9929,2,2
9930,1,2
9931,4,2
9932,1,2
9933,2,2
9934,6,2
9935,1,2
9936,6,2
9937,12,2
9938,2,2
9939,2,2
9940,1,2
9941,10,2
9942,1,2
9943,7,2
9944,2,2
9945,2,2
9946,4,2
9947,7,2
9948,7,2
9949,1,2
9950,16,2
9951,5,2
9952,2,2
9953,2,2
9954,3,2
9955,3,2
9956,8,2
9957,3,2
9958,6,2
9959,1,2
9960,4,2
9961,5,2
9962,6,2
9963,11,2
9964,4,2
9965,2,2
9966,2,2
9967,4,2
9968,2,2
9969,7,2
9970,8,2
9971,4,2
9972,3,2
9973,3,2
9974,4,2
9975,7,2
9976,10,1
9977,3,1
9978,2,1
9979,2,1
9980,1,1
9981,1,1
9982,3,2
9983,2,2
9984,4,2
9985,2,2
9986,5,2
9987,5,2
9988,3,2
9989,4,2
9990,8,2
9991,1,2
9992,1,2
9993,4,2
9994,10,2
9995,11,2
9996,2,2
9997,4,1
9998,5,1
9999,3,1
